GuideName,GuideSeq,MatchPos,GuideScores,Rank,standardizedGuideScores,quartiles
crRNA336:336-358,CCTGAGTCACTGTTACCACGCCA,358,1.35825388349522,0.9986,0.913186059385405,4
crRNA515:536-558,CTCAGCGTCATAATGTCCACCAT,558,1.32346566879743,0.9972,0.893866304314877,4
crRNA580:601-623,TTTATATTTACATTGTAAGCACC,623,1.31550169397066,0.9959,0.889443483414819,4
crRNA578:599-621,TATATTTACATTGTAAGCACCTG,621,1.31318404926254,0.9945,0.888156371429039,4
crRNA516:537-559,CCTCAGCGTCATAATGTCCACCA,559,1.30085288726217,0.9931,0.881308218062971,4
crRNA577:598-620,ATATTTACATTGTAAGCACCTGG,620,1.27929062241214,0.9917,0.869333539877059,4
crRNA307:307-329,TCGAAGTTCATCACACGCTCCCA,329,1.26785804174808,0.9903,0.862984416756699,4
crRNA306:306-328,CGAAGTTCATCACACGCTCCCAC,328,1.26536435030572,0.989,0.861599536609602,4
crRNA335:335-357,CTGAGTCACTGTTACCACGCCAC,357,1.26198321096621,0.9876,0.859721809210647,4
crRNA680:701-723,TTTGTATAGTTCATCCATGCCAC,723,1.25537362086741,0.9862,0.856051150542628,4
crRNA180:180-202,ATGCAAATGGTAATGGGCCACCC,202,1.25480111907421,0.9848,0.855733209696334,4
crRNA308:308-330,TTCGAAGTTCATCACACGCTCCC,330,1.24861656578859,0.9834,0.852298596689121,4
crRNA310:310-332,TCTTCGAAGTTCATCACACGCTC,332,1.24723852024498,0.982,0.851533294341476,4
crRNA228:228-250,TGACATAAGCCTTTGACCCATAC,250,1.24365892409534,0.9807,0.849545353268236,4
crRNA514:535-557,TCAGCGTCATAATGTCCACCATC,557,1.2404363387366,0.9793,0.847755679369601,4
crRNA334:334-356,TGAGTCACTGTTACCACGCCACC,356,1.22653670029638,0.9779,0.840036467200569,4
crRNA579:600-622,TTATATTTACATTGTAAGCACCT,622,1.22016356314371,0.9765,0.836497123492074,4
crRNA517:538-560,ACCTCAGCGTCATAATGTCCACC,560,1.20225845851461,0.9751,0.826553461854029,4
crRNA483:504-526,TCAATCTTTGTTTAATCTCACCC,526,1.19487579058898,0.9738,0.822453471747338,4
crRNA309:309-331,CTTCGAAGTTCATCACACGCTCC,331,1.19134012977144,0.9724,0.820489930312382,4
crRNA305:305-327,GAAGTTCATCACACGCTCCCACT,327,1.18713076715029,0.971,0.818152246256156,4
crRNA312:312-334,CGTCTTCGAAGTTCATCACACGC,334,1.18610654444601,0.9696,0.817583440643209,4
crRNA332:332-354,AGTCACTGTTACCACGCCACCGT,354,1.17461910150132,0.9682,0.811203849565997,4
crRNA213:213-235,ACCCATACATGAATTGAGGGCTA,235,1.16910742739433,0.9669,0.808142922332434,4
crRNA311:311-333,GTCTTCGAAGTTCATCACACGCT,333,1.16647350794101,0.9655,0.80668016607559,4
crRNA528:549-571,ATGTCGTTTTAACCTCAGCGTCA,571,1.16553117100677,0.9641,0.806156836007587,4
crRNA211:211-233,CCATACATGAATTGAGGGCTAAG,233,1.16295315851046,0.9627,0.804725127872229,4
crRNA681:702-724,CTTTGTATAGTTCATCCATGCCA,724,1.16085242673471,0.9613,0.803558479231905,4
crRNA513:534-556,CAGCGTCATAATGTCCACCATCT,556,1.16060337029298,0.9599,0.803420164877611,4
crRNA333:333-355,GAGTCACTGTTACCACGCCACCG,355,1.15777847633112,0.9586,0.801851350268482,4
crRNA212:212-234,CCCATACATGAATTGAGGGCTAA,234,1.15711229217791,0.9572,0.801481382600302,4
crRNA267:267-289,AAGATAACTTTAGATAGTCTGGA,289,1.15297023384085,0.9558,0.799181076210483,4
crRNA677:698-720,GTATAGTTCATCCATGCCACCAG,720,1.15135693817347,0.9544,0.79828512689486,4
crRNA531:552-574,TGTATGTCGTTTTAACCTCAGCG,574,1.14690677595802,0.953,0.795813713953049,4
crRNA084:84-106,CATGTCCATTTACAGAACCTTCC,106,1.14290953052239,0.9517,0.793593829907717,4
crRNA678:699-721,TGTATAGTTCATCCATGCCACCA,721,1.13300032143823,0.9503,0.788090716450715,4
crRNA181:181-203,CATGCAAATGGTAATGGGCCACC,203,1.11767016503012,0.9489,0.779577061192158,4
crRNA676:697-719,TATAGTTCATCCATGCCACCAGT,719,1.11399561583969,0.9475,0.777536387620074,4
crRNA177:177-199,CAAATGGTAATGGGCCACCCTTA,199,1.11280297847415,0.9461,0.776874052343879,4
crRNA469:490-512,ATCTCACCCTTCAAGGCACCATC,512,1.10451704166249,0.9448,0.772272428744568,4
crRNA337:337-359,TCCTGAGTCACTGTTACCACGCC,359,1.10392086377151,0.9434,0.771941339295677,4
crRNA679:700-722,TTGTATAGTTCATCCATGCCACC,722,1.10370810311614,0.942,0.771823181931577,4
crRNA087:87-109,ATTCATGTCCATTTACAGAACCT,109,1.09770131572511,0.9406,0.768487291827314,4
crRNA532:553-575,TTGTATGTCGTTTTAACCTCAGC,575,1.09530690617642,0.9392,0.767157548222443,4
crRNA663:684-706,TGCCACCAGTACTATGTCTCCCC,706,1.08975028862752,0.9378,0.764071661493334,4
crRNA331:331-353,GTCACTGTTACCACGCCACCGTC,353,1.08970832727284,0.9365,0.764048358110219,4
crRNA683:704-726,ACCTTTGTATAGTTCATCCATGC,726,1.08690115651451,0.9351,0.762489386143329,4
crRNA675:696-718,ATAGTTCATCCATGCCACCAGTA,718,1.08621130917144,0.9337,0.762106277041009,4
crRNA304:304-326,AAGTTCATCACACGCTCCCACTT,326,1.08430168355188,0.9323,0.761045759863945,4
crRNA182:182-204,CCATGCAAATGGTAATGGGCCAC,204,1.08107468324265,0.9309,0.759253634107323,4
crRNA470:491-513,AATCTCACCCTTCAAGGCACCAT,513,1.07986123071194,0.9296,0.758579739057327,4
crRNA081:81-103,GTCCATTTACAGAACCTTCCATG,103,1.07887535801712,0.9282,0.758032231254468,4
crRNA229:229-251,TTGACATAAGCCTTTGACCCATA,251,1.07311299188512,0.9268,0.754832081339787,4
crRNA482:503-525,CAATCTTTGTTTAATCTCACCCT,525,1.07309389617399,0.9254,0.75482147647072,4
crRNA366:366-388,AGATAAATTCACCATCTTGCAGG,388,1.06862190807241,0.924,0.752337942447738,4
crRNA338:338-360,ATCCTGAGTCACTGTTACCACGC,360,1.06636800797145,0.9227,0.751086231249499,4
crRNA660:681-703,CACCAGTACTATGTCTCCCCTCA,703,1.06177184805842,0.9213,0.748533737982561,4
crRNA179:179-201,TGCAAATGGTAATGGGCCACCCT,201,1.06127665538948,0.9199,0.748258731025188,4
crRNA361:361-383,AATTCACCATCTTGCAGGGACGA,383,1.05651765945852,0.9185,0.745615806213822,4
crRNA369:369-391,TGTAGATAAATTCACCATCTTGC,391,1.04452345877691,0.9171,0.738954785478825,4
crRNA662:683-705,GCCACCAGTACTATGTCTCCCCT,705,1.04444663776712,0.9157,0.738912122665965,4
crRNA372:372-394,CTTTGTAGATAAATTCACCATCT,394,1.0429431067801,0.9144,0.738077131544331,4
crRNA706:727-749,CCCACCCTTTATGCGGTACCAGA,749,1.03293055585991,0.913,0.732516626842101,4
crRNA471:492-514,TAATCTCACCCTTCAAGGCACCA,514,1.01622527057565,0.9116,0.723239289017235,4
crRNA659:680-702,ACCAGTACTATGTCTCCCCTCAG,702,1.0135917736312,0.9102,0.721776767402152,4
crRNA661:682-704,CCACCAGTACTATGTCTCCCCTC,704,1.00630483045535,0.9088,0.717729938365554,4
crRNA178:178-200,GCAAATGGTAATGGGCCACCCTT,200,1.00606057465594,0.9075,0.71759429006454,4
crRNA529:550-572,TATGTCGTTTTAACCTCAGCGTC,572,1.00526755307024,0.9061,0.71715388279057,4
crRNA011:11-33,TTCTCCTTTACTAACCATGCCGC,33,1.00255473505847,0.9047,0.715647309947046,4
crRNA226:226-248,ACATAAGCCTTTGACCCATACAT,248,1.00163103946566,0.9033,0.71513433241233,4
crRNA530:551-573,GTATGTCGTTTTAACCTCAGCGT,573,0.989406659623775,0.9019,0.708345480886432,4
crRNA183:183-205,CCCATGCAAATGGTAATGGGCCA,205,0.984056327704353,0.9006,0.705374155593448,4
crRNA421:421-443,TTTTGCATAACCGGGCCGTCAGA,443,0.977258793591656,0.8992,0.701599121568801,4
crRNA707:728-750,GCCCACCCTTTATGCGGTACCAG,750,0.975832403265072,0.8978,0.700806970779117,4
crRNA313:313-335,CCGTCTTCGAAGTTCATCACACG,335,0.971543039700805,0.8964,0.698424857923081,4
crRNA365:365-387,GATAAATTCACCATCTTGCAGGG,387,0.960965042759583,0.895,0.692550330821976,4
crRNA082:82-104,TGTCCATTTACAGAACCTTCCAT,104,0.948927340790859,0.8936,0.685865151497078,4
crRNA481:502-524,AATCTTTGTTTAATCTCACCCTT,524,0.945715735519288,0.8923,0.68408157542774,4
crRNA259:259-281,TTTAGATAGTCTGGAATGTCGGC,281,0.945567521553596,0.8909,0.683999264290474,4
crRNA664:685-707,ATGCCACCAGTACTATGTCTCCC,707,0.945166099477599,0.8895,0.683776333155446,4
crRNA360:360-382,ATTCACCATCTTGCAGGGACGAA,382,0.943770421382303,0.8881,0.683001238509381,4
crRNA330:330-352,TCACTGTTACCACGCCACCGTCT,352,0.939804674368912,0.8867,0.680798847221527,4
crRNA099:99-121,CTTCTATTTCAAATTCATGTCCA,121,0.938220530273252,0.8854,0.67991908733185,4
crRNA268:268-290,AAAGATAACTTTAGATAGTCTGG,290,0.935852669515786,0.884,0.678604087689794,4
crRNA480:501-523,ATCTTTGTTTAATCTCACCCTTC,523,0.929362408598231,0.8826,0.674999698894327,4
crRNA339:339-361,AATCCTGAGTCACTGTTACCACG,361,0.927685082273292,0.8812,0.674068189932091,4
crRNA258:258-280,TTAGATAGTCTGGAATGTCGGCG,280,0.925125094009883,0.8798,0.672646491616666,4
crRNA359:359-381,TTCACCATCTTGCAGGGACGAAT,381,0.91495857844453,0.8785,0.667000482117483,4
crRNA576:597-619,TATTTACATTGTAAGCACCTGGG,619,0.912933265419294,0.8771,0.665875717540495,4
crRNA083:83-105,ATGTCCATTTACAGAACCTTCCA,105,0.908322152720158,0.8757,0.663314920192203,4
crRNA373:373-395,ACTTTGTAGATAAATTCACCATC,395,0.896685513727262,0.8743,0.656852472574813,4
crRNA527:548-570,TGTCGTTTTAACCTCAGCGTCAT,570,0.895310345036967,0.8729,0.656088767897584,4
crRNA684:705-727,AACCTTTGTATAGTTCATCCATG,727,0.893644376200922,0.8715,0.655163566355995,4
crRNA010:10-32,TCTCCTTTACTAACCATGCCGCT,32,0.893041577001771,0.8702,0.654828799740764,4
crRNA041:41-63,GAACTCCTTAATGATTGCCATGT,63,0.885520705883983,0.8688,0.650652058014436,4
crRNA158:158-180,CTTAGTAACTTTTAGCTTCGCGG,180,0.881784140003141,0.8674,0.648576943259342,4
crRNA176:176-198,AAATGGTAATGGGCCACCCTTAG,198,0.877366413449254,0.866,0.646123543574101,4
crRNA329:329-351,CACTGTTACCACGCCACCGTCTT,351,0.875709043304725,0.8646,0.645203117345514,4
crRNA012:12-34,CTTCTCCTTTACTAACCATGCCG,34,0.874255575562763,0.8633,0.644395929019768,4
crRNA044:44-66,CATGAACTCCTTAATGATTGCCA,66,0.869916508033885,0.8619,0.641986212895481,4
crRNA156:156-178,TAGTAACTTTTAGCTTCGCGGTT,178,0.866758178123592,0.8605,0.640232223481857,4
crRNA581:602-624,TTTTATATTTACATTGTAAGCAC,624,0.865357130037851,0.8591,0.639454146593069,4
crRNA303:303-325,AGTTCATCACACGCTCCCACTTA,325,0.863978935858699,0.8577,0.638688761700164,4
crRNA420:420-442,TTTGCATAACCGGGCCGTCAGAT,442,0.862831669580204,0.8564,0.638051623413713,4
crRNA327:327-349,CTGTTACCACGCCACCGTCTTCG,349,0.853366326098257,0.855,0.632795012250471,4
crRNA314:314-336,ACCGTCTTCGAAGTTCATCACAC,336,0.853126093492482,0.8536,0.632661598243922,4
crRNA098:98-120,TTCTATTTCAAATTCATGTCCAT,120,0.850261820553238,0.8522,0.631070914383826,4
crRNA159:159-181,CCTTAGTAACTTTTAGCTTCGCG,181,0.847746908580117,0.8508,0.629674249341749,4
crRNA658:679-701,CCAGTACTATGTCTCCCCTCAGC,701,0.844239938607126,0.8494,0.62772664146631,4
crRNA328:328-350,ACTGTTACCACGCCACCGTCTTC,350,0.843939613639917,0.8481,0.627559854959487,4
crRNA257:257-279,TAGATAGTCTGGAATGTCGGCGG,279,0.84143682681696,0.8467,0.626169923661393,4
crRNA657:678-700,CAGTACTATGTCTCCCCTCAGCC,700,0.840376570695914,0.8453,0.625581106766114,4
crRNA472:493-515,TTAATCTCACCCTTCAAGGCACC,515,0.839163538167582,0.8439,0.624907444965888,4
crRNA440:461-483,GTACATTCGTTCTGAGGAGGCCT,483,0.838777064007362,0.8425,0.624692815207466,4
crRNA260:260-282,CTTTAGATAGTCTGGAATGTCGG,282,0.838152952145265,0.8412,0.624346212531327,4
crRNA479:500-522,TCTTTGTTTAATCTCACCCTTCA,522,0.827445045158038,0.8398,0.618399539437913,4
crRNA056:56-78,AACTTTGAATCTCATGAACTCCT,78,0.819054209893791,0.8384,0.613739660121004,4
crRNA439:460-482,TACATTCGTTCTGAGGAGGCCTC,482,0.817239911057034,0.837,0.612732083001701,4
crRNA209:209-231,ATACATGAATTGAGGGCTAAGGA,231,0.815998406113238,0.8356,0.612042608947302,4
crRNA157:157-179,TTAGTAACTTTTAGCTTCGCGGT,179,0.814935343390732,0.8343,0.611452233396218,4
crRNA120:120-142,AAGGCCTTCCTTCTCCTTCACCT,142,0.811850228913204,0.8329,0.609738904425813,4
crRNA210:210-232,CATACATGAATTGAGGGCTAAGG,232,0.810349127909471,0.8315,0.608905262803782,4
crRNA160:160-182,CCCTTAGTAACTTTTAGCTTCGC,182,0.807561438188392,0.8301,0.607357109698146,4
crRNA256:256-278,AGATAGTCTGGAATGTCGGCGGG,278,0.807344286081337,0.8287,0.607236513526201,4
crRNA438:459-481,ACATTCGTTCTGAGGAGGCCTCC,481,0.80412183017265,0.8273,0.6054469115181,4
crRNA654:675-697,TACTATGTCTCCCCTCAGCCCTT,697,0.797788430341626,0.826,0.601929636068294,4
crRNA655:676-698,GTACTATGTCTCCCCTCAGCCCT,698,0.797155338378938,0.8246,0.601578046262306,4
crRNA009:9-31,CTCCTTTACTAACCATGCCGCTA,31,0.792518813907586,0.8232,0.599003136398629,4
crRNA326:326-348,TGTTACCACGCCACCGTCTTCGA,348,0.785316156486641,0.8218,0.595003115746852,4
crRNA686:707-729,AGAACCTTTGTATAGTTCATCCA,729,0.784264348107045,0.8204,0.594418990333937,4
crRNA702:723-745,CCCTTTATGCGGTACCAGAACCT,745,0.782007169954792,0.8191,0.593165458658601,4
crRNA355:355-377,CCATCTTGCAGGGACGAATCCTG,377,0.775786957203051,0.8177,0.589711042043831,4
crRNA484:505-527,TTCAATCTTTGTTTAATCTCACC,527,0.774868970355144,0.8163,0.589201234880296,4
crRNA571:592-614,ACATTGTAAGCACCTGGGAGCTG,614,0.771714300746612,0.8149,0.587449278227885,4
crRNA131:131-153,GGTTCCTTCATAAGGCCTTCCTT,153,0.771034833250886,0.8135,0.587071933609604,4
crRNA001:1-23,CTAACCATGCCGCTAGTTGCCAT,23,0.768336036073919,0.8122,0.585573147285069,4
crRNA230:230-252,CTTGACATAAGCCTTTGACCCAT,252,0.768123943742532,0.8108,0.585455361077,4
crRNA468:489-511,TCTCACCCTTCAAGGCACCATCT,511,0.766974112472108,0.8094,0.584816798313432,4
crRNA653:674-696,ACTATGTCTCCCCTCAGCCCTTT,696,0.765225727991425,0.808,0.583845826959214,3
crRNA085:85-107,TCATGTCCATTTACAGAACCTTC,107,0.762328648657231,0.8066,0.582236923954482,3
crRNA533:554-576,TTTGTATGTCGTTTTAACCTCAG,576,0.759213072823552,0.8052,0.580506678164831,3
crRNA687:708-730,CAGAACCTTTGTATAGTTCATCC,730,0.75792359759631,0.8039,0.579790563647996,3
crRNA526:547-569,GTCGTTTTAACCTCAGCGTCATA,569,0.753214593332461,0.8025,0.577175401881462,3
crRNA457:478-500,AAGGCACCATCTTCAGGGTACAT,500,0.748077205597378,0.8011,0.574322335876024,3
crRNA708:729-751,CGCCCACCCTTTATGCGGTACCA,751,0.745757000488226,0.7997,0.573033801962697,3
crRNA197:197-219,AGGGCTAAGGATATCCCATGCAA,219,0.745612230752654,0.7983,0.572953403590513,3
crRNA088:88-110,AATTCATGTCCATTTACAGAACC,110,0.744989725884324,0.797,0.572607693363908,3
crRNA367:367-389,TAGATAAATTCACCATCTTGCAG,389,0.744486698031372,0.7956,0.572328335110054,3
crRNA512:533-555,AGCGTCATAATGTCCACCATCTT,555,0.743362290661062,0.7942,0.57170389159714,3
crRNA294:294-316,CACGCTCCCACTTAAACCCTTCG,316,0.742568821258513,0.7928,0.571263235626537,3
crRNA566:587-609,GTAAGCACCTGGGAGCTGGACAG,609,0.74153242801243,0.7914,0.570687671061209,3
crRNA007:7-29,CCTTTACTAACCATGCCGCTAGT,29,0.738504476962682,0.7901,0.569006087997666,3
crRNA134:134-156,TTGGGTTCCTTCATAAGGCCTTC,156,0.738349098767612,0.7887,0.568919798180895,3
crRNA665:686-708,CATGCCACCAGTACTATGTCTCC,708,0.738309822425547,0.7873,0.568897985928805,3
crRNA293:293-315,ACGCTCCCACTTAAACCCTTCGG,315,0.737912879636482,0.7859,0.56867754238123,3
crRNA709:730-752,GCGCCCACCCTTTATGCGGTACC,752,0.730414056636652,0.7845,0.564513045153289,3
crRNA121:121-143,TAAGGCCTTCCTTCTCCTTCACC,143,0.72874972143417,0.7831,0.563588750855736,3
crRNA473:494-516,TTTAATCTCACCCTTCAAGGCAC,516,0.727115700822138,0.7818,0.562681291870591,3
crRNA133:133-155,TGGGTTCCTTCATAAGGCCTTCC,155,0.720319978996909,0.7804,0.558907264306042,3
crRNA086:86-108,TTCATGTCCATTTACAGAACCTT,108,0.719946324041263,0.779,0.558699753737113,3
crRNA002:2-24,ACTAACCATGCCGCTAGTTGCCA,24,0.717357844211821,0.7776,0.55726223253218,3
crRNA008:8-30,TCCTTTACTAACCATGCCGCTAG,30,0.715544205324494,0.7762,0.55625502191807,3
crRNA478:499-521,CTTTGTTTAATCTCACCCTTCAA,521,0.714723233806608,0.7749,0.555799092552818,3
crRNA656:677-699,AGTACTATGTCTCCCCTCAGCCC,699,0.713281787578015,0.7735,0.554998580416001,3
crRNA570:591-613,CATTGTAAGCACCTGGGAGCTGG,613,0.709612789295996,0.7721,0.552960989560058,3
crRNA672:693-715,GTTCATCCATGCCACCAGTACTA,715,0.709103598363617,0.7707,0.552678208618778,3
crRNA028:28-50,ATTGCCATGTTATTTTCTTCTCC,50,0.706998871931253,0.7693,0.551509341532122,3
crRNA356:356-378,ACCATCTTGCAGGGACGAATCCT,378,0.70679330615334,0.768,0.551395179868045,3
crRNA477:498-520,TTTGTTTAATCTCACCCTTCAAG,520,0.698755408598997,0.7666,0.546931305726157,3
crRNA362:362-384,AAATTCACCATCTTGCAGGGACG,384,0.698025374018414,0.7652,0.546525878502817,3
crRNA569:590-612,ATTGTAAGCACCTGGGAGCTGGA,612,0.690884390688937,0.7638,0.542560108770546,3
crRNA437:458-480,CATTCGTTCTGAGGAGGCCTCCC,480,0.68947205647192,0.7624,0.54177576408981,3
crRNA269:269-291,AAAAGATAACTTTAGATAGTCTG,291,0.689457319805217,0.761,0.541767580031107,3
crRNA080:80-102,TCCATTTACAGAACCTTCCATGT,102,0.686978394264437,0.7597,0.540390900178404,3
crRNA340:340-362,GAATCCTGAGTCACTGTTACCAC,362,0.686846279936012,0.7583,0.540317530030248,3
crRNA185:185-207,ATCCCATGCAAATGGTAATGGGC,207,0.686089991759553,0.7569,0.539897522781849,3
crRNA368:368-390,GTAGATAAATTCACCATCTTGCA,390,0.683954301369001,0.7555,0.538711459754172,3
crRNA043:43-65,ATGAACTCCTTAATGATTGCCAT,65,0.68382999365786,0.7541,0.53864242503786,3
crRNA132:132-154,GGGTTCCTTCATAAGGCCTTCCT,154,0.683377356760837,0.7528,0.538391051575257,3
crRNA705:726-748,CCACCCTTTATGCGGTACCAGAA,748,0.680383050300754,0.7514,0.536728153150677,3
crRNA227:227-249,GACATAAGCCTTTGACCCATACA,249,0.673789739339507,0.75,0.533066535157868,3
crRNA436:457-479,ATTCGTTCTGAGGAGGCCTCCCA,479,0.663535993735789,0.7486,0.527372082155887,3
crRNA371:371-393,TTTGTAGATAAATTCACCATCTT,393,0.661759296393075,0.7472,0.526385387156047,3
crRNA027:27-49,TTGCCATGTTATTTTCTTCTCCT,49,0.658325518662012,0.7459,0.524478426844714,3
crRNA682:703-725,CCTTTGTATAGTTCATCCATGCC,725,0.657600156811582,0.7445,0.524075594638188,3
crRNA184:184-206,TCCCATGCAAATGGTAATGGGCC,206,0.657238151229223,0.7431,0.523874553588911,3
crRNA674:695-717,TAGTTCATCCATGCCACCAGTAC,717,0.654915936579478,0.7417,0.522584903670281,3
crRNA055:55-77,ACTTTGAATCTCATGAACTCCTT,77,0.651484605676627,0.7403,0.52067930221344,3
crRNA146:146-168,TAGCTTCGCGGTTTGGGTTCCTT,168,0.650952735472915,0.739,0.520383926260569,3
crRNA135:135-157,TTTGGGTTCCTTCATAAGGCCTT,157,0.650624703443456,0.7376,0.520201752541121,3
crRNA364:364-386,ATAAATTCACCATCTTGCAGGGA,386,0.650542063031477,0.7362,0.520155857903175,3
crRNA518:539-561,AACCTCAGCGTCATAATGTCCAC,561,0.646815333371357,0.7348,0.518086205727198,3
crRNA261:261-283,ACTTTAGATAGTCTGGAATGTCG,283,0.642726983643587,0.7334,0.515815726598869,3
crRNA057:57-79,GAACTTTGAATCTCATGAACTCC,79,0.640859815028312,0.732,0.514778788065636,3
crRNA354:354-376,CATCTTGCAGGGACGAATCCTGA,376,0.637792191835801,0.7307,0.51307517294072,3
crRNA476:497-519,TTGTTTAATCTCACCCTTCAAGG,519,0.637053478939146,0.7293,0.512664926184605,3
crRNA711:732-754,GCGCGCCCACCCTTTATGCGGTA,754,0.636796708535804,0.7279,0.512522327855112,3
crRNA187:187-209,ATATCCCATGCAAATGGTAATGG,209,0.635437772042628,0.7265,0.511767637784563,3
crRNA292:292-314,CGCTCCCACTTAAACCCTTCGGG,314,0.634020401800494,0.7251,0.510980496329901,3
crRNA291:291-313,GCTCCCACTTAAACCCTTCGGGA,313,0.632412025911981,0.7238,0.510087279230451,3
crRNA147:147-169,TTAGCTTCGCGGTTTGGGTTCCT,169,0.632392565661757,0.7224,0.51007647191334,3
crRNA042:42-64,TGAACTCCTTAATGATTGCCATG,64,0.632074475165099,0.721,0.509899819258437,3
crRNA203:203-225,GAATTGAGGGCTAAGGATATCCC,225,0.630680527112751,0.7196,0.509125685397693,3
crRNA510:531-553,CGTCATAATGTCCACCATCTTTC,553,0.630266803952124,0.7182,0.508895922812871,3
crRNA079:79-101,CCATTTACAGAACCTTCCATGTG,101,0.626794865443434,0.7169,0.506967769782008,3
crRNA263:263-285,TAACTTTAGATAGTCTGGAATGT,285,0.623809487737887,0.7155,0.505309829972069,3
crRNA078:78-100,CATTTACAGAACCTTCCATGTGA,100,0.623624238214345,0.7141,0.505206951009958,3
crRNA265:265-287,GATAACTTTAGATAGTCTGGAAT,287,0.62341278851654,0.7127,0.505089521690667,3
crRNA231:231-253,GCTTGACATAAGCCTTTGACCCA,253,0.618280382879868,0.7113,0.502239222510772,3
crRNA145:145-167,AGCTTCGCGGTTTGGGTTCCTTC,167,0.614199093560634,0.7099,0.499972664404685,3
crRNA403:403-425,TCAGATGGAAAGTTAGTTCCTCT,425,0.612635339531371,0.7086,0.499104228208738,3
crRNA363:363-385,TAAATTCACCATCTTGCAGGGAC,385,0.612410978516214,0.7072,0.498979628544804,3
crRNA264:264-286,ATAACTTTAGATAGTCTGGAATG,286,0.605080282762977,0.7058,0.494908501363388,3
crRNA186:186-208,TATCCCATGCAAATGGTAATGGG,208,0.604988579158802,0.7044,0.494857573450383,3
crRNA266:266-288,AGATAACTTTAGATAGTCTGGAA,288,0.604326589135017,0.703,0.49448993500645,3
crRNA202:202-224,AATTGAGGGCTAAGGATATCCCA,224,0.604038564472228,0.7017,0.49432997951613,3
crRNA215:215-237,TGACCCATACATGAATTGAGGGC,237,0.598904969774442,0.7003,0.491479019987043,3
crRNA122:122-144,ATAAGGCCTTCCTTCTCCTTCAC,144,0.596815230225851,0.6989,0.490318475918004,3
crRNA462:483-505,CCTTCAAGGCACCATCTTCAGGG,505,0.596557091774469,0.6975,0.490175117838311,3
crRNA136:136-158,GTTTGGGTTCCTTCATAAGGCCT,158,0.591058283945984,0.6961,0.487121335936908,3
crRNA650:671-693,ATGTCTCCCCTCAGCCCTTTCGT,693,0.590969213136084,0.6948,0.487071870155288,3
crRNA575:596-618,ATTTACATTGTAAGCACCTGGGA,618,0.58993368197503,0.6934,0.486496784351855,3
crRNA370:370-392,TTGTAGATAAATTCACCATCTTG,392,0.58844654597203,0.692,0.485670898241167,3
crRNA418:418-440,TGCATAACCGGGCCGTCAGATGG,440,0.587594694631448,0.6906,0.485197819659828,3
crRNA302:302-324,GTTCATCACACGCTCCCACTTAA,324,0.586986334644849,0.6892,0.4848599648421,3
crRNA565:586-608,TAAGCACCTGGGAGCTGGACAGG,608,0.585971926589402,0.6878,0.484296609828253,3
crRNA153:153-175,TAACTTTTAGCTTCGCGGTTTGG,175,0.5832857178867,0.6865,0.482804814556338,3
crRNA214:214-236,GACCCATACATGAATTGAGGGCT,236,0.582354431342703,0.6851,0.482287621360688,3
crRNA208:208-230,TACATGAATTGAGGGCTAAGGAT,230,0.582051442402139,0.6837,0.48211935540707,3
crRNA666:687-709,CCATGCCACCAGTACTATGTCTC,709,0.576850526583164,0.6823,0.479231008861036,3
crRNA248:248-270,TGGAATGTCGGCGGGGTGCTTGA,270,0.575436948433386,0.6809,0.478445973357949,3
crRNA148:148-170,TTTAGCTTCGCGGTTTGGGTTCC,170,0.575059596438654,0.6796,0.478236409625607,3
crRNA574:595-617,TTTACATTGTAAGCACCTGGGAG,617,0.570249685161299,0.6782,0.475565208800938,3
crRNA225:225-247,CATAAGCCTTTGACCCATACATG,247,0.570227711407364,0.6768,0.475553005600869,3
crRNA262:262-284,AACTTTAGATAGTCTGGAATGTC,284,0.569376212073094,0.6754,0.47508012250745,3
crRNA456:477-499,AGGCACCATCTTCAGGGTACATT,499,0.566177066352079,0.674,0.473303465892505,3
crRNA419:419-441,TTGCATAACCGGGCCGTCAGATG,441,0.564655785884392,0.6727,0.472458617535537,3
crRNA127:127-149,CCTTCATAAGGCCTTCCTTCTCC,149,0.564499095252739,0.6713,0.472371598852581,3
crRNA040:40-62,AACTCCTTAATGATTGCCATGTT,62,0.562178089015816,0.6699,0.471082620030182,3
crRNA525:546-568,TCGTTTTAACCTCAGCGTCATAA,568,0.556834669473316,0.6685,0.468115133549574,3
crRNA703:724-746,ACCCTTTATGCGGTACCAGAACC,746,0.556405083754488,0.6671,0.46787656163832,3
crRNA544:565-587,GGTTTCTTAGCTTTGTATGTCGT,587,0.556101727368504,0.6657,0.46770809162262,3
crRNA673:694-716,AGTTCATCCATGCCACCAGTACT,716,0.55540820977421,0.6644,0.467322944233619,3
crRNA652:673-695,CTATGTCTCCCCTCAGCCCTTTC,695,0.555159383880122,0.663,0.467184757914754,3
crRNA014:14-36,TTCTTCTCCTTTACTAACCATGC,36,0.555123415482275,0.6616,0.467164782740899,3
crRNA357:357-379,CACCATCTTGCAGGGACGAATCC,379,0.555053445290168,0.6602,0.467125924553278,3
crRNA039:39-61,ACTCCTTAATGATTGCCATGTTA,61,0.551752435012541,0.6588,0.465292697105331,3
crRNA466:487-509,TCACCCTTCAAGGCACCATCTTC,509,0.550810663729638,0.6575,0.464769681173751,3
crRNA447:468-490,CTTCAGGGTACATTCGTTCTGAG,490,0.548986367027712,0.6561,0.463756551705529,3
crRNA564:585-607,AAGCACCTGGGAGCTGGACAGGT,607,0.548457003042985,0.6547,0.463462567590019,3
crRNA154:154-176,GTAACTTTTAGCTTCGCGGTTTG,176,0.546066463989276,0.6533,0.462134973477892,3
crRNA117:117-139,GCCTTCCTTCTCCTTCACCTTCT,139,0.545604192729302,0.6519,0.46187824953858,3
crRNA458:479-501,CAAGGCACCATCTTCAGGGTACA,501,0.544456833242829,0.6506,0.461241059488758,3
crRNA573:594-616,TTACATTGTAAGCACCTGGGAGC,616,0.544394791037244,0.6492,0.461206604135807,3
crRNA651:672-694,TATGTCTCCCCTCAGCCCTTTCG,694,0.543666542069202,0.6478,0.460802168558553,3
crRNA155:155-177,AGTAACTTTTAGCTTCGCGGTTT,177,0.541772588869229,0.6464,0.459750355113787,3
crRNA199:199-221,TGAGGGCTAAGGATATCCCATGC,221,0.541097315281294,0.645,0.45937533959667,3
crRNA325:325-347,GTTACCACGCCACCGTCTTCGAA,347,0.540674769317454,0.6436,0.459140677237639,3
crRNA026:26-48,TGCCATGTTATTTTCTTCTCCTT,48,0.539958216301044,0.6423,0.458742737047481,3
crRNA341:341-363,CGAATCCTGAGTCACTGTTACCA,363,0.539585984920787,0.6409,0.458536017066057,3
crRNA130:130-152,GTTCCTTCATAAGGCCTTCCTTC,152,0.537375727634731,0.6395,0.457308543055665,3
crRNA123:123-145,CATAAGGCCTTCCTTCTCCTTCA,145,0.53711456631675,0.6381,0.457163506216577,3
crRNA152:152-174,AACTTTTAGCTTCGCGGTTTGGG,174,0.534062815273261,0.6367,0.455468705744387,3
crRNA442:463-485,GGGTACATTCGTTCTGAGGAGGC,485,0.531613808096273,0.6354,0.454108641158251,3
crRNA568:589-611,TTGTAAGCACCTGGGAGCTGGAC,611,0.529976325895798,0.634,0.453199259768019,3
crRNA204:204-226,TGAATTGAGGGCTAAGGATATCC,226,0.522559017685304,0.6326,0.449080032059606,3
crRNA448:469-491,TCTTCAGGGTACATTCGTTCTGA,491,0.522456784550334,0.6312,0.449023256535341,3
crRNA151:151-173,ACTTTTAGCTTCGCGGTTTGGGT,173,0.521070234662947,0.6298,0.448253231271035,3
crRNA358:358-380,TCACCATCTTGCAGGGACGAATC,380,0.517654471759943,0.6285,0.446356275556626,3
crRNA295:295-317,ACACGCTCCCACTTAAACCCTTC,317,0.517431938734276,0.6271,0.446232691072963,3
crRNA196:196-218,GGGCTAAGGATATCCCATGCAAA,218,0.517242604241551,0.6257,0.446127543509122,3
crRNA255:255-277,GATAGTCTGGAATGTCGGCGGGG,277,0.511465786313657,0.6243,0.442919367739727,3
crRNA465:486-508,CACCCTTCAAGGCACCATCTTCA,508,0.510951598184471,0.6229,0.442633811587957,3
crRNA321:321-343,CCACGCCACCGTCTTCGAAGTTC,343,0.509747651467685,0.6215,0.441965195624524,3
crRNA126:126-148,CTTCATAAGGCCTTCCTTCTCCT,148,0.509615947519497,0.6202,0.441892053382448,3
crRNA572:593-615,TACATTGTAAGCACCTGGGAGCT,615,0.508157583237694,0.6188,0.441082145746405,3
crRNA441:462-484,GGTACATTCGTTCTGAGGAGGCC,484,0.50809135289603,0.6174,0.441045364497631,3
crRNA417:417-439,GCATAACCGGGCCGTCAGATGGA,439,0.505369280088716,0.616,0.439533651971469,3
crRNA200:200-222,TTGAGGGCTAAGGATATCCCATG,222,0.503515287235495,0.6146,0.438504030643158,3
crRNA004:4-26,TTACTAACCATGCCGCTAGTTGC,26,0.5028313867882,0.6133,0.438124224169927,3
crRNA192:192-214,TAAGGATATCCCATGCAAATGGT,214,0.50276076884517,0.6119,0.438085006251595,3
crRNA353:353-375,ATCTTGCAGGGACGAATCCTGAG,375,0.502705282218754,0.6105,0.438054191562156,3
crRNA467:488-510,CTCACCCTTCAAGGCACCATCTT,510,0.501623311507647,0.6091,0.43745331539436,3
crRNA567:588-610,TGTAAGCACCTGGGAGCTGGACA,610,0.501119221354528,0.6077,0.437173367188442,3
crRNA712:733-755,GGCGCGCCCACCCTTTATGCGGT,755,0.491269198016653,0.6064,0.431703122739857,3
crRNA316:316-338,CCACCGTCTTCGAAGTTCATCAC,338,0.485175295842119,0.605,0.428318853139979,3
crRNA013:13-35,TCTTCTCCTTTACTAACCATGCC,35,0.483944744944345,0.6036,0.427635462452835,3
crRNA003:3-25,TACTAACCATGCCGCTAGTTGCC,25,0.483799115843749,0.6022,0.42755458682932,3
crRNA288:288-310,CCCACTTAAACCCTTCGGGAAAA,310,0.480151833195945,0.6008,0.425529055825769,3
crRNA347:347-369,CAGGGACGAATCCTGAGTCACTG,369,0.479380129731352,0.5994,0.425100487643914,3
crRNA290:290-312,CTCCCACTTAAACCCTTCGGGAA,312,0.478302643361304,0.5981,0.424502101870398,3
crRNA459:480-502,TCAAGGCACCATCTTCAGGGTAC,502,0.473602649058965,0.5967,0.421891943817078,3
crRNA463:484-506,CCCTTCAAGGCACCATCTTCAGG,506,0.472629632528392,0.5953,0.421351575729391,3
crRNA116:116-138,CCTTCCTTCTCCTTCACCTTCTA,138,0.464936747664736,0.5939,0.417079305575756,3
crRNA286:286-308,CACTTAAACCCTTCGGGAAAAGA,308,0.463769183982405,0.5925,0.416430895056049,3
crRNA232:232-254,TGCTTGACATAAGCCTTTGACCC,254,0.459975995559398,0.5912,0.414324334776785,3
crRNA320:320-342,CACGCCACCGTCTTCGAAGTTCA,342,0.459643936075332,0.5898,0.414139924396524,3
crRNA416:416-438,CATAACCGGGCCGTCAGATGGAA,438,0.458459924209842,0.5884,0.413482379321545,3
crRNA216:216-238,TTGACCCATACATGAATTGAGGG,238,0.458059868338104,0.587,0.413260206912766,3
crRNA635:656-678,CCTTTCGTATTGTTCAACTATCG,678,0.457776380421884,0.5856,0.413102770920307,3
crRNA710:731-753,CGCGCCCACCCTTTATGCGGTAC,753,0.456714753864927,0.5843,0.412513192948717,3
crRNA217:217-239,TTTGACCCATACATGAATTGAGG,239,0.455174694954683,0.5829,0.411657915918878,3
crRNA704:725-747,CACCCTTTATGCGGTACCAGAAC,747,0.453694729425424,0.5815,0.410836011955525,3
crRNA455:476-498,GGCACCATCTTCAGGGTACATTC,498,0.45339203630202,0.5801,0.410667910284988,3
crRNA434:455-477,TCGTTCTGAGGAGGCCTCCCAGC,477,0.452045106583134,0.5787,0.40991988821797,3
crRNA348:348-370,GCAGGGACGAATCCTGAGTCACT,370,0.449355998375565,0.5773,0.408426482696022,3
crRNA058:58-80,TGAACTTTGAATCTCATGAACTC,80,0.447370285651012,0.576,0.407323710282661,3
crRNA161:161-183,ACCCTTAGTAACTTTTAGCTTCG,183,0.444509290133896,0.5746,0.405734846550252,3
crRNA404:404-426,GTCAGATGGAAAGTTAGTTCCTC,426,0.444458440939885,0.5732,0.405706607274901,3
crRNA435:456-478,TTCGTTCTGAGGAGGCCTCCCAG,478,0.444307435891391,0.5718,0.405622746100171,3
crRNA701:722-744,CCTTTATGCGGTACCAGAACCTT,744,0.444201913026991,0.5704,0.405564143613316,3
crRNA324:324-346,TTACCACGCCACCGTCTTCGAAG,346,0.44368516236987,0.5691,0.405277164352815,3
crRNA287:287-309,CCACTTAAACCCTTCGGGAAAAG,309,0.443578937162478,0.5677,0.405218171817355,3
crRNA142:142-164,TTCGCGGTTTGGGTTCCTTCATA,164,0.441457986099443,0.5663,0.404040294326073,3
crRNA193:193-215,CTAAGGATATCCCATGCAAATGG,215,0.440278106560033,0.5649,0.403385044152641,3
crRNA323:323-345,TACCACGCCACCGTCTTCGAAGT,345,0.440120589275577,0.5635,0.403297566385198,3
crRNA175:175-197,AATGGTAATGGGCCACCCTTAGT,197,0.437832833123875,0.5622,0.402027053112358,3
crRNA444:465-487,CAGGGTACATTCGTTCTGAGGAG,487,0.435242206898344,0.5608,0.40058833989895,3
crRNA374:374-396,GACTTTGTAGATAAATTCACCAT,396,0.434415614307603,0.5594,0.400129288851492,3
crRNA443:464-486,AGGGTACATTCGTTCTGAGGAGG,486,0.433453986965599,0.558,0.399595245788976,3
crRNA464:485-507,ACCCTTCAAGGCACCATCTTCAG,507,0.428741384210029,0.5566,0.396978085587648,3
crRNA270:270-292,GAAAAGATAACTTTAGATAGTCT,292,0.428351100147028,0.5552,0.39676133998657,3
crRNA342:342-364,ACGAATCCTGAGTCACTGTTACC,364,0.427999656397542,0.5539,0.396566164487622,3
crRNA349:349-371,TGCAGGGACGAATCCTGAGTCAC,371,0.427430774920648,0.5525,0.396250234196481,3
crRNA451:472-494,CCATCTTCAGGGTACATTCGTTC,494,0.424850411708158,0.5511,0.394817220582779,3
crRNA015:15-37,TTTCTTCTCCTTTACTAACCATG,37,0.424096812276692,0.5497,0.39439870653819,3
crRNA298:298-320,ATCACACGCTCCCACTTAAACCC,320,0.423615534152527,0.5483,0.394131427071265,3
crRNA005:5-27,TTTACTAACCATGCCGCTAGTTG,27,0.4227183448472,0.547,0.393633169894765,3
crRNA634:655-677,CTTTCGTATTGTTCAACTATCGT,677,0.422493298728456,0.5456,0.39350818975619,3
crRNA150:150-172,CTTTTAGCTTCGCGGTTTGGGTT,172,0.422451921956957,0.5442,0.393485211023366,3
crRNA254:254-276,ATAGTCTGGAATGTCGGCGGGGT,276,0.418714699825847,0.5428,0.39140973181742,3
crRNA077:77-99,ATTTACAGAACCTTCCATGTGAA,99,0.418360698983139,0.5414,0.391213136227929,3
crRNA144:144-166,GCTTCGCGGTTTGGGTTCCTTCA,166,0.417895737956689,0.5401,0.390954918517523,3
crRNA375:375-397,TGACTTTGTAGATAAATTCACCA,397,0.417574162448497,0.5387,0.39077633044944,3
crRNA461:482-504,CTTCAAGGCACCATCTTCAGGGT,504,0.417100064607979,0.5373,0.390513038577815,3
crRNA239:239-261,GGCGGGGTGCTTGACATAAGCCT,261,0.41528940794655,0.5359,0.389507484153147,3
crRNA118:118-140,GGCCTTCCTTCTCCTTCACCTTC,140,0.415110768934325,0.5345,0.389408276361307,3
crRNA449:470-492,ATCTTCAGGGTACATTCGTTCTG,492,0.414958055115333,0.5331,0.389323466214985,3
crRNA100:100-122,CCTTCTATTTCAAATTCATGTCC,122,0.413702000332414,0.5318,0.388625911857224,3
crRNA198:198-220,GAGGGCTAAGGATATCCCATGCA,220,0.413525355011363,0.5304,0.388527811268657,3
crRNA289:289-311,TCCCACTTAAACCCTTCGGGAAA,311,0.40833541104076,0.529,0.385645557976475,3
crRNA006:6-28,CTTTACTAACCATGCCGCTAGTT,28,0.404633090894748,0.5276,0.383589461708385,3
crRNA713:734-756,CGGCGCGCCCACCCTTTATGCGG,756,0.396670529642411,0.5262,0.379167425841766,3
crRNA545:566-588,AGGTTTCTTAGCTTTGTATGTCG,588,0.394950976040478,0.5249,0.378212465815545,3
crRNA433:454-476,CGTTCTGAGGAGGCCTCCCAGCC,476,0.393227413560701,0.5235,0.37725527944518,3
crRNA149:149-171,TTTTAGCTTCGCGGTTTGGGTTC,171,0.390138851649165,0.5221,0.375540035930403,3
crRNA402:402-424,CAGATGGAAAGTTAGTTCCTCTT,424,0.387043864532923,0.5207,0.373821224156023,3
crRNA715:736-758,GTCGGCGCGCCCACCCTTTATGC,758,0.38532539623741,0.5193,0.372866866858466,3
crRNA406:406-428,CCGTCAGATGGAAAGTTAGTTCC,428,0.383094845746591,0.518,0.371628122946787,3
crRNA076:76-98,TTTACAGAACCTTCCATGTGAAC,98,0.380629464454858,0.5166,0.370258964939528,3
crRNA633:654-676,TTTCGTATTGTTCAACTATCGTA,676,0.378786934809468,0.5152,0.369235709743238,3
crRNA249:249-271,CTGGAATGTCGGCGGGGTGCTTG,271,0.375057441537246,0.5138,0.367164522785746,3
crRNA649:670-692,TGTCTCCCCTCAGCCCTTTCGTA,692,0.374689322468663,0.5124,0.366960086590798,3
crRNA124:124-146,TCATAAGGCCTTCCTTCTCCTTC,146,0.371685111273731,0.511,0.365291687537543,3
crRNA460:481-503,TTCAAGGCACCATCTTCAGGGTA,503,0.369653431955239,0.5097,0.364163387417629,3
crRNA454:475-497,GCACCATCTTCAGGGTACATTCG,497,0.36894023251221,0.5083,0.36376730964602,3
crRNA060:60-82,TGTGAACTTTGAATCTCATGAAC,82,0.366638867016455,0.5069,0.362489238376999,3
crRNA128:128-150,TCCTTCATAAGGCCTTCCTTCTC,150,0.365755082728079,0.5055,0.361998425722917,3
crRNA317:317-339,GCCACCGTCTTCGAAGTTCATCA,339,0.364191110692454,0.5041,0.361129868456385,3
crRNA045:45-67,TCATGAACTCCTTAATGATTGCC,67,0.361904179088269,0.5028,0.359859813098853,3
crRNA315:315-337,CACCGTCTTCGAAGTTCATCACA,337,0.361342870630377,0.5014,0.359548088509945,3
crRNA430:451-473,TCTGAGGAGGCCTCCCAGCCCAT,473,0.360578031537185,0.5,0.359123332480434,3
crRNA685:706-728,GAACCTTTGTATAGTTCATCCAT,728,0.359708568947061,0.4986,0.358640473430893,3
crRNA582:603-625,GTTTTATATTTACATTGTAAGCA,625,0.359319990803231,0.4972,0.358424675217913,3
crRNA201:201-223,ATTGAGGGCTAAGGATATCCCAT,223,0.358392997148607,0.4959,0.357909866093189,3
crRNA119:119-141,AGGCCTTCCTTCTCCTTCACCTT,141,0.35391656567688,0.4945,0.355423864429261,3
crRNA474:495-517,GTTTAATCTCACCCTTCAAGGCA,517,0.349073750886614,0.4931,0.352734390525162,3
crRNA023:23-45,CATGTTATTTTCTTCTCCTTTAC,45,0.34901255238746,0.4917,0.352700403727489,3
crRNA345:345-367,GGGACGAATCCTGAGTCACTGTT,367,0.348039236397441,0.4903,0.352159869333967,3
crRNA346:346-368,AGGGACGAATCCTGAGTCACTGT,368,0.345277858559684,0.489,0.350626328623525,3
crRNA174:174-196,ATGGTAATGGGCCACCCTTAGTA,196,0.34286434119936,0.4876,0.349285973429532,3
crRNA236:236-258,GGGGTGCTTGACATAAGCCTTTG,258,0.342823853381381,0.4862,0.349263488380112,3
crRNA138:138-160,CGGTTTGGGTTCCTTCATAAGGC,160,0.342346639047548,0.4848,0.348998465753171,3
crRNA137:137-159,GGTTTGGGTTCCTTCATAAGGCC,159,0.341716162080757,0.4834,0.348648328194178,3
crRNA065:65-87,TTCCATGTGAACTTTGAATCTCA,87,0.340742869058819,0.482,0.348107806556059,3
crRNA412:412-434,ACCGGGCCGTCAGATGGAAAGTT,434,0.338034987711195,0.4807,0.346603975306004,3
crRNA699:720-742,TTTATGCGGTACCAGAACCTTTG,742,0.335857722780111,0.4793,0.345394823713787,3
crRNA583:604-626,AGTTTTATATTTACATTGTAAGC,626,0.335230130155844,0.4779,0.345046287984367,3
crRNA612:633-655,TATAATCTTCATTATGTGATGTA,655,0.333880270196192,0.4765,0.344296638598029,3
crRNA062:62-84,CATGTGAACTTTGAATCTCATGA,84,0.331670271918724,0.4751,0.343069308428951,3
crRNA511:532-554,GCGTCATAATGTCCACCATCTTT,554,0.329906389089376,0.4738,0.342089730013325,3
crRNA143:143-165,CTTCGCGGTTTGGGTTCCTTCAT,165,0.329784573001144,0.4724,0.342022079028394,3
crRNA413:413-435,AACCGGGCCGTCAGATGGAAAGT,435,0.329198355279065,0.471,0.34169652099367,3
crRNA563:584-606,AGCACCTGGGAGCTGGACAGGTT,606,0.328983956139776,0.4696,0.341577453691873,3
crRNA054:54-76,CTTTGAATCTCATGAACTCCTTA,76,0.328672784326425,0.4682,0.341404643351617,3
crRNA431:452-474,TTCTGAGGAGGCCTCCCAGCCCA,474,0.32636877919867,0.4669,0.340125106153858,3
crRNA632:653-675,TTCGTATTGTTCAACTATCGTAT,675,0.323744720376485,0.4655,0.338667826032539,3
crRNA714:735-757,TCGGCGCGCCCACCCTTTATGCG,757,0.322980154655029,0.4641,0.338243221820963,3
crRNA064:64-86,TCCATGTGAACTTTGAATCTCAT,86,0.318062855550501,0.4627,0.335512382795928,3
crRNA636:657-679,CCCTTTCGTATTGTTCAACTATC,679,0.316829756314123,0.4613,0.334827576880148,3
crRNA639:660-682,CAGCCCTTTCGTATTGTTCAACT,682,0.316601439923772,0.4599,0.334700780584952,3
crRNA250:250-272,TCTGGAATGTCGGCGGGGTGCTT,272,0.315098935689897,0.4586,0.333866359674219,3
crRNA343:343-365,GACGAATCCTGAGTCACTGTTAC,365,0.314181666984743,0.4572,0.33335695133374,3
crRNA097:97-119,TCTATTTCAAATTCATGTCCATT,119,0.313982001784179,0.4558,0.333246066575654,3
crRNA319:319-341,ACGCCACCGTCTTCGAAGTTCAT,341,0.312860716566061,0.4544,0.332623356960733,3
crRNA485:506-528,TTTCAATCTTTGTTTAATCTCAC,528,0.312249010018784,0.453,0.332283643618985,3
crRNA414:414-436,TAACCGGGCCGTCAGATGGAAAG,436,0.311873983250576,0.4517,0.332075371209216,3
crRNA534:555-577,CTTTGTATGTCGTTTTAACCTCA,577,0.308754697511139,0.4503,0.3303430651106,3
crRNA074:74-96,TACAGAACCTTCCATGTGAACTT,96,0.308646304695793,0.4489,0.330282868786584,3
crRNA234:234-256,GGTGCTTGACATAAGCCTTTGAC,256,0.306283172979491,0.4475,0.328970495433856,3
crRNA129:129-151,TTCCTTCATAAGGCCTTCCTTCT,151,0.305901822544718,0.4461,0.32875871115404,3
crRNA723:744-766,AAAGCTGGGTCGGCGCGCCCACC,766,0.305592116373038,0.4448,0.328586714762944,3
crRNA405:405-427,CGTCAGATGGAAAGTTAGTTCCT,427,0.304637123534193,0.4434,0.328056356194651,3
crRNA446:467-489,TTCAGGGTACATTCGTTCTGAGG,489,0.301502073015811,0.442,0.326315295071652,3
crRNA240:240-262,CGGCGGGGTGCTTGACATAAGCC,262,0.30056066552478,0.4406,0.325792481173144,3
crRNA115:115-137,CTTCCTTCTCCTTCACCTTCTAT,137,0.300128641507076,0.4392,0.325552555144196,3
crRNA253:253-275,TAGTCTGGAATGTCGGCGGGGTG,275,0.298750989841447,0.4378,0.324787471538047,3
crRNA613:634-656,GTATAATCTTCATTATGTGATGT,656,0.297574856764698,0.4365,0.324134301975581,3
crRNA247:247-269,GGAATGTCGGCGGGGTGCTTGAC,269,0.296963858325127,0.4351,0.323794981883891,3
crRNA296:296-318,CACACGCTCCCACTTAAACCCTT,318,0.295515746303224,0.4337,0.322990767875759,2
crRNA271:271-293,GGAAAAGATAACTTTAGATAGTC,293,0.294542005241651,0.4323,0.322449997417282,2
crRNA245:245-267,AATGTCGGCGGGGTGCTTGACAT,267,0.292710287975752,0.4309,0.321432746913252,2
crRNA024:24-46,CCATGTTATTTTCTTCTCCTTTA,46,0.292137427452599,0.4296,0.321114606845041,2
crRNA237:237-259,CGGGGTGCTTGACATAAGCCTTT,259,0.292129045058816,0.4282,0.32110995165373,2
crRNA096:96-118,CTATTTCAAATTCATGTCCATTT,118,0.291364434490552,0.4268,0.320685322536325,2
crRNA415:415-437,ATAACCGGGCCGTCAGATGGAAA,437,0.287141298862606,0.4254,0.318339989593249,2
crRNA318:318-340,CGCCACCGTCTTCGAAGTTCATC,340,0.286205847482049,0.424,0.317820483441244,2
crRNA125:125-147,TTCATAAGGCCTTCCTTCTCCTT,147,0.285660959234887,0.4227,0.317517877873024,2
crRNA352:352-374,TCTTGCAGGGACGAATCCTGAGT,374,0.285329275134128,0.4213,0.317333675963179,2
crRNA238:238-260,GCGGGGTGCTTGACATAAGCCTT,260,0.28490749499687,0.4199,0.317099438908583,2
crRNA671:692-714,TTCATCCATGCCACCAGTACTAT,714,0.28462423553836,0.4185,0.316942129790902,2
crRNA700:721-743,CTTTATGCGGTACCAGAACCTTT,743,0.280520317013614,0.4171,0.314663004477451,2
crRNA429:450-472,CTGAGGAGGCCTCCCAGCCCATT,472,0.279626528097121,0.4157,0.314166635718622,2
crRNA016:16-38,TTTTCTTCTCCTTTACTAACCAT,38,0.279406546858745,0.4144,0.314044468378836,2
crRNA025:25-47,GCCATGTTATTTTCTTCTCCTTT,47,0.279281359333587,0.413,0.313974945054775,2
crRNA432:453-475,GTTCTGAGGAGGCCTCCCAGCCC,475,0.277373091863552,0.4116,0.312915182130739,2
crRNA722:743-765,AAGCTGGGTCGGCGCGCCCACCC,765,0.274928736620498,0.4102,0.311557701012164,2
crRNA543:564-586,GTTTCTTAGCTTTGTATGTCGTT,586,0.2697855749292,0.4088,0.308701428420218,2
crRNA053:53-75,TTTGAATCTCATGAACTCCTTAA,75,0.26963268053512,0.4075,0.308616517990898,2
crRNA089:89-111,AAATTCATGTCCATTTACAGAAC,111,0.268992921459317,0.4061,0.308261225580636,2
crRNA475:496-518,TGTTTAATCTCACCCTTCAAGGC,518,0.266048687958395,0.4047,0.306626135346705,2
crRNA207:207-229,ACATGAATTGAGGGCTAAGGATA,229,0.263638064670029,0.4033,0.305287387385559,2
crRNA688:709-731,CCAGAACCTTTGTATAGTTCATC,731,0.262879068247824,0.4019,0.304865876103541,2
crRNA716:737-759,GGTCGGCGCGCCCACCCTTTATG,759,0.261333219881213,0.4006,0.304007383879132,2
crRNA322:322-344,ACCACGCCACCGTCTTCGAAGTT,344,0.259327140183549,0.3992,0.302893300596977,2
crRNA224:224-246,ATAAGCCTTTGACCCATACATGA,246,0.258949532776959,0.3978,0.302683595020778,2
crRNA519:540-562,TAACCTCAGCGTCATAATGTCCA,562,0.258525689937547,0.3964,0.302448212437424,2
crRNA614:635-657,CGTATAATCTTCATTATGTGATG,657,0.253256961718134,0.395,0.299522206040817,2
crRNA638:659-681,AGCCCTTTCGTATTGTTCAACTA,681,0.250896798477086,0.3936,0.298211481241065,2
crRNA724:745-767,GAAAGCTGGGTCGGCGCGCCCAC,767,0.250008446616868,0.3923,0.297718131970199,2
crRNA162:162-184,CACCCTTAGTAACTTTTAGCTTC,184,0.249072742622831,0.3909,0.297198485528427,2
crRNA141:141-163,TCGCGGTTTGGGTTCCTTCATAA,163,0.248658744014598,0.3895,0.296968569972826,2
crRNA611:632-654,ATAATCTTCATTATGTGATGTAA,654,0.247403156936946,0.3881,0.296271275356799,2
crRNA241:241-263,TCGGCGGGGTGCTTGACATAAGC,263,0.24448977446527,0.3867,0.294653318348412,2
crRNA017:17-39,ATTTTCTTCTCCTTTACTAACCA,39,0.243748690427639,0.3854,0.294241754770974,2
crRNA670:691-713,TCATCCATGCCACCAGTACTATG,713,0.243660665292227,0.384,0.294192869708289,2
crRNA297:297-319,TCACACGCTCCCACTTAAACCCT,319,0.242430603065217,0.3826,0.29350975040614,2
crRNA445:466-488,TCAGGGTACATTCGTTCTGAGGA,488,0.239117418454118,0.3812,0.291669761900092,2
crRNA235:235-257,GGGTGCTTGACATAAGCCTTTGA,257,0.23741355603887,0.3798,0.290723516028539,2
crRNA246:246-268,GAATGTCGGCGGGGTGCTTGACA,268,0.236011356037854,0.3785,0.289944799419628,2
crRNA425:446-468,GGAGGCCTCCCAGCCCATTGTCT,468,0.232766987987643,0.3771,0.288143028428123,2
crRNA252:252-274,AGTCTGGAATGTCGGCGGGGTGC,274,0.231576985024428,0.3757,0.287482156176348,2
crRNA018:18-40,TATTTTCTTCTCCTTTACTAACC,40,0.22908142145848,0.3743,0.286096236338958,2
crRNA242:242-264,GTCGGCGGGGTGCTTGACATAAG,264,0.228394564763324,0.3729,0.285714788103277,2
crRNA428:449-471,TGAGGAGGCCTCCCAGCCCATTG,471,0.224916029800455,0.3715,0.283782971708825,2
crRNA376:376-398,TTGACTTTGTAGATAAATTCACC,398,0.223110656716686,0.3702,0.282780351537243,2
crRNA233:233-255,GTGCTTGACATAAGCCTTTGACC,255,0.222603265259235,0.3688,0.282498569940573,2
crRNA066:66-88,CTTCCATGTGAACTTTGAATCTC,88,0.222253239520468,0.3674,0.282304181938771,2
crRNA114:114-136,TTCCTTCTCCTTCACCTTCTATT,136,0.218648982709354,0.366,0.280302545482088,2
crRNA411:411-433,CCGGGCCGTCAGATGGAAAGTTA,433,0.218542416428849,0.3646,0.280243363530498,2
crRNA021:21-43,TGTTATTTTCTTCTCCTTTACTA,43,0.218516741940659,0.3633,0.280229105114891,2
crRNA453:474-496,CACCATCTTCAGGGTACATTCGT,496,0.217410713927215,0.3619,0.279614868641231,2
crRNA075:75-97,TTACAGAACCTTCCATGTGAACT,97,0.217407297049555,0.3605,0.279612971066433,2
crRNA072:72-94,CAGAACCTTCCATGTGAACTTTG,94,0.215703146104337,0.3591,0.278666564958766,2
crRNA351:351-373,CTTGCAGGGACGAATCCTGAGTC,373,0.214073920830314,0.3577,0.277761769081131,2
crRNA350:350-372,TTGCAGGGACGAATCCTGAGTCA,372,0.213566083355386,0.3564,0.277479739787116,2
crRNA059:59-81,GTGAACTTTGAATCTCATGAACT,81,0.21139187550835,0.355,0.276272285957074,2
crRNA561:582-604,CACCTGGGAGCTGGACAGGTTTC,604,0.210388013371249,0.3536,0.275714787655369,2
crRNA038:38-60,CTCCTTAATGATTGCCATGTTAT,60,0.209711765634203,0.3522,0.275339231141181,2
crRNA205:205-227,ATGAATTGAGGGCTAAGGATATC,227,0.202361003049838,0.3508,0.271256959775856,2
crRNA640:661-683,TCAGCCCTTTCGTATTGTTCAAC,683,0.201941121172033,0.3494,0.271023776926198,2
crRNA344:344-366,GGACGAATCCTGAGTCACTGTTA,366,0.199678076949965,0.3481,0.269766987508749,2
crRNA285:285-307,ACTTAAACCCTTCGGGAAAAGAT,307,0.199594740265493,0.3467,0.269720706193471,2
crRNA251:251-273,GTCTGGAATGTCGGCGGGGTGCT,273,0.198512385925203,0.3453,0.269119616975884,2
crRNA073:73-95,ACAGAACCTTCCATGTGAACTTT,95,0.197826898363269,0.3439,0.268738929093062,2
crRNA244:244-266,ATGTCGGCGGGGTGCTTGACATA,266,0.193846868659375,0.3425,0.266528605863754,2
crRNA562:583-605,GCACCTGGGAGCTGGACAGGTTT,605,0.191880839368465,0.3412,0.265436764713186,2
crRNA535:556-578,GCTTTGTATGTCGTTTTAACCTC,578,0.18913639821947,0.3398,0.263912629851288,2
crRNA071:71-93,AGAACCTTCCATGTGAACTTTGA,93,0.188186601413541,0.3384,0.263385156917804,2
crRNA094:94-116,ATTTCAAATTCATGTCCATTTAC,116,0.186636556205856,0.337,0.262524333963224,2
crRNA524:545-567,CGTTTTAACCTCAGCGTCATAAT,567,0.185663103648695,0.3356,0.261983723726668,2
crRNA063:63-85,CCATGTGAACTTTGAATCTCATG,85,0.185105733598363,0.3343,0.261674186345988,2
crRNA390:390-412,TAGTTCCTCTTAATTTGACTTTG,412,0.182969120032589,0.3329,0.260487610629766,2
crRNA549:570-592,GGACAGGTTTCTTAGCTTTGTAT,592,0.182667528090814,0.3315,0.260320120504246,2
crRNA560:581-603,ACCTGGGAGCTGGACAGGTTTCT,603,0.180752368672162,0.3301,0.259256530112764,2
crRNA697:718-740,TATGCGGTACCAGAACCTTTGTA,740,0.177653229275054,0.3287,0.257535412354877,2
crRNA101:101-123,ACCTTCTATTTCAAATTCATGTC,123,0.172236897107222,0.3273,0.254527433596203,2
crRNA400:400-422,GATGGAAAGTTAGTTCCTCTTAA,422,0.172199669699201,0.326,0.254506759226703,2
crRNA029:29-51,GATTGCCATGTTATTTTCTTCTC,51,0.172070298695103,0.3246,0.254434912593178,2
crRNA093:93-115,TTTCAAATTCATGTCCATTTACA,115,0.169609249119982,0.3232,0.253068160219686,2
crRNA452:473-495,ACCATCTTCAGGGTACATTCGTT,495,0.167806460981386,0.3218,0.252066975606324,2
crRNA542:563-585,TTTCTTAGCTTTGTATGTCGTTT,585,0.167629458867172,0.3204,0.251968676871442,2
crRNA667:688-710,TCCATGCCACCAGTACTATGTCT,710,0.166193790892346,0.3191,0.251171373707794,2
crRNA540:561-583,TCTTAGCTTTGTATGTCGTTTTA,583,0.165580555782477,0.3177,0.250830811473536,2
crRNA299:299-321,CATCACACGCTCCCACTTAAACC,321,0.157600606909849,0.3163,0.246399119331992,2
crRNA061:61-83,ATGTGAACTTTGAATCTCATGAA,83,0.155881749572594,0.3149,0.245444545978762,2
crRNA559:580-602,CCTGGGAGCTGGACAGGTTTCTT,602,0.153293608800551,0.3135,0.244007213070525,2
crRNA095:95-117,TATTTCAAATTCATGTCCATTTA,117,0.152053274183306,0.3122,0.243318388961015,2
crRNA427:448-470,GAGGAGGCCTCCCAGCCCATTGT,470,0.151135333815462,0.3108,0.242808607610343,2
crRNA218:218-240,CTTTGACCCATACATGAATTGAG,240,0.149315714281619,0.3094,0.241798075623554,2
crRNA668:689-711,ATCCATGCCACCAGTACTATGTC,711,0.148456838616809,0.308,0.241321096059517,2
crRNA195:195-217,GGCTAAGGATATCCCATGCAAAT,217,0.148278042847214,0.3066,0.241221801211931,2
crRNA669:690-712,CATCCATGCCACCAGTACTATGT,712,0.144601509845801,0.3052,0.239180025923573,2
crRNA301:301-323,TTCATCACACGCTCCCACTTAAA,323,0.144274032799258,0.3039,0.238998160415803,2
crRNA509:530-552,GTCATAATGTCCACCATCTTTCA,552,0.1440695699755,0.3025,0.238884611281122,2
crRNA698:719-741,TTATGCGGTACCAGAACCTTTGT,741,0.14330585499003,0.3011,0.238460479528712,2
crRNA386:386-408,TCCTCTTAATTTGACTTTGTAGA,408,0.142294072954017,0.2997,0.237898582883818,2
crRNA547:568-590,ACAGGTTTCTTAGCTTTGTATGT,590,0.141137118856731,0.2983,0.237256064433775,2
crRNA050:50-72,GAATCTCATGAACTCCTTAATGA,72,0.136777593075968,0.297,0.234834986748711,2
crRNA388:388-410,GTTCCTCTTAATTTGACTTTGTA,410,0.135190629782961,0.2956,0.23395366120806,2
crRNA426:447-469,AGGAGGCCTCCCAGCCCATTGTC,469,0.13406110109704,0.2942,0.233326373554851,2
crRNA164:164-186,GCCACCCTTAGTAACTTTTAGCT,186,0.133281299407448,0.2928,0.232893307995799,2
crRNA387:387-409,TTCCTCTTAATTTGACTTTGTAG,409,0.130541673115206,0.2914,0.231371847081213,2
crRNA173:173-195,TGGTAATGGGCCACCCTTAGTAA,195,0.129208870395382,0.2901,0.23063167049187,2
crRNA052:52-74,TTGAATCTCATGAACTCCTTAAT,74,0.128040340527735,0.2887,0.229982723397814,2
crRNA188:188-210,GATATCCCATGCAAATGGTAATG,210,0.125214902558365,0.2873,0.228413606672238,2
crRNA407:407-429,GCCGTCAGATGGAAAGTTAGTTC,429,0.123795610575262,0.2859,0.227625397972099,2
crRNA051:51-73,TGAATCTCATGAACTCCTTAATG,73,0.123468577750748,0.2845,0.227443779164565,2
crRNA554:575-597,GAGCTGGACAGGTTTCTTAGCTT,597,0.121620837779197,0.2831,0.226417630395664,2
crRNA718:739-761,TGGGTCGGCGCGCCCACCCTTTA,761,0.121135517339659,0.2818,0.22614810601495,2
crRNA719:740-762,CTGGGTCGGCGCGCCCACCCTTT,762,0.119809559502392,0.2804,0.225411730754754,2
crRNA558:579-601,CTGGGAGCTGGACAGGTTTCTTA,601,0.119763273004557,0.279,0.225386025388467,2
crRNA523:544-566,GTTTTAACCTCAGCGTCATAATG,566,0.118959875787782,0.2776,0.224939855971977,2
crRNA550:571-593,TGGACAGGTTTCTTAGCTTTGTA,593,0.118403583895626,0.2762,0.224630917350161,2
crRNA520:541-563,TTAACCTCAGCGTCATAATGTCC,563,0.118319460597314,0.2749,0.224584199186173,2
crRNA617:638-660,TATCGTATAATCTTCATTATGTG,660,0.118305069133117,0.2735,0.224576206836873,2
crRNA401:401-423,AGATGGAAAGTTAGTTCCTCTTA,423,0.118264443831621,0.2721,0.224553645435508,2
crRNA538:559-581,TTAGCTTTGTATGTCGTTTTAAC,581,0.116814323177599,0.2707,0.223748315926598,2
crRNA696:717-739,ATGCGGTACCAGAACCTTTGTAT,739,0.115369264649056,0.2693,0.22294579768654,2
crRNA389:389-411,AGTTCCTCTTAATTTGACTTTGT,411,0.114245691000846,0.268,0.222321817184071,2
crRNA691:712-734,GTACCAGAACCTTTGTATAGTTC,734,0.11380685563114,0.2666,0.222078108447286,2
crRNA165:165-187,GGCCACCCTTAGTAACTTTTAGC,187,0.111898692151878,0.2652,0.221018403274884,2
crRNA191:191-213,AAGGATATCCCATGCAAATGGTA,213,0.108078181793763,0.2638,0.218896669664683,2
crRNA022:22-44,ATGTTATTTTCTTCTCCTTTACT,44,0.107587203175407,0.2624,0.218624002994837,2
crRNA139:139-161,GCGGTTTGGGTTCCTTCATAAGG,161,0.106578491289499,0.261,0.218063811368398,2
crRNA628:649-671,TATTGTTCAACTATCGTATAATC,671,0.10533940042925,0.2597,0.217375677983627,2
crRNA496:517-539,CCATCTTTCAATTTCAATCTTTG,539,0.10492371007582,0.2583,0.217144822911493,2
crRNA721:742-764,AGCTGGGTCGGCGCGCCCACCCT,764,0.10482687823923,0.2569,0.217091047016921,2
crRNA539:560-582,CTTAGCTTTGTATGTCGTTTTAA,582,0.103977478086268,0.2555,0.216619329711084,2
crRNA194:194-216,GCTAAGGATATCCCATGCAAATG,216,0.100664740631008,0.2541,0.214779589534574,2
crRNA536:557-579,AGCTTTGTATGTCGTTTTAACCT,579,0.0963904216225363,0.2528,0.212405831724512,2
crRNA603:624-646,CATTATGTGATGTAATATCAAGT,646,0.0956401248637269,0.2514,0.211989151830578,2
crRNA537:558-580,TAGCTTTGTATGTCGTTTTAACC,580,0.0880195415303692,0.25,0.207757034581273,2
crRNA720:741-763,GCTGGGTCGGCGCGCCCACCCTT,763,0.0864120835765283,0.2486,0.20686432726001,2
crRNA548:569-591,GACAGGTTTCTTAGCTTTGTATG,591,0.085733021451209,0.2472,0.206487207765583,2
crRNA631:652-674,TCGTATTGTTCAACTATCGTATA,674,0.0810510413697122,0.2459,0.203887053971966,2
crRNA399:399-421,ATGGAAAGTTAGTTCCTCTTAAT,421,0.0798172908188265,0.2445,0.203201886346427,2
crRNA046:46-68,CTCATGAACTCCTTAATGATTGC,68,0.0787047159202576,0.2431,0.202584014037523,2
crRNA450:471-493,CATCTTCAGGGTACATTCGTTCT,493,0.0786609105201009,0.2417,0.202559686557393,2
crRNA541:562-584,TTCTTAGCTTTGTATGTCGTTTT,584,0.0752971644611316,0.2403,0.200691618576806,2
crRNA689:710-732,ACCAGAACCTTTGTATAGTTCAT,732,0.0714968381201112,0.239,0.198581094230143,2
crRNA092:92-114,TTCAAATTCATGTCCATTTACAG,114,0.0701530690539437,0.2376,0.197834827442519,2
crRNA601:622-644,TTATGTGATGTAATATCAAGTTT,644,0.06956341304101,0.2362,0.197507359941105,2
crRNA383:383-405,TCTTAATTTGACTTTGTAGATAA,405,0.0695161307716002,0.2348,0.197481101569638,2
crRNA384:384-406,CTCTTAATTTGACTTTGTAGATA,406,0.0684173123099747,0.2334,0.196870868945458,2
crRNA552:573-595,GCTGGACAGGTTTCTTAGCTTTG,595,0.06834484835353,0.232,0.196830625837207,2
crRNA272:272-294,GGGAAAAGATAACTTTAGATAGT,294,0.0641870519933709,0.2307,0.194521579281951,2
crRNA717:738-760,GGGTCGGCGCGCCCACCCTTTAT,760,0.0628115771011196,0.2293,0.193757704554409,2
crRNA584:605-627,AAGTTTTATATTTACATTGTAAG,627,0.0625429645916157,0.2279,0.193608529670398,2
crRNA497:518-540,ACCATCTTTCAATTTCAATCTTT,540,0.0597775258215035,0.2265,0.19207273370716,2
crRNA521:542-564,TTTAACCTCAGCGTCATAATGTC,564,0.0572706516868897,0.2251,0.190680532506434,2
crRNA498:519-541,CACCATCTTTCAATTTCAATCTT,541,0.0567793797771719,0.2238,0.190407702956219,2
crRNA495:516-538,CATCTTTCAATTTCAATCTTTGT,538,0.0534153905548244,0.2224,0.18853949993401,2
crRNA586:607-629,TCAAGTTTTATATTTACATTGTA,629,0.0510480184901741,0.221,0.187224771689195,2
crRNA648:669-691,GTCTCCCCTCAGCCCTTTCGTAT,691,0.049064615484297,0.2196,0.18612328198607,2
crRNA486:507-529,ATTTCAATCTTTGTTTAATCTCA,529,0.0488333645659011,0.2182,0.185994855990599,2
crRNA600:621-643,TATGTGATGTAATATCAAGTTTT,643,0.0480682465315673,0.2169,0.185569945050161,2
crRNA598:619-641,TGTGATGTAATATCAAGTTTTAT,641,0.0466686859628529,0.2155,0.184792694259087,2
crRNA599:620-642,ATGTGATGTAATATCAAGTTTTA,642,0.0453274170108594,0.2141,0.184047815918495,2
crRNA140:140-162,CGCGGTTTGGGTTCCTTCATAAG,162,0.045156490198455,0.2127,0.183952891123437,2
crRNA637:658-680,GCCCTTTCGTATTGTTCAACTAT,680,0.042877999937981,0.2113,0.182687523695262,2
crRNA608:629-651,ATCTTCATTATGTGATGTAATAT,651,0.0412397631103833,0.2099,0.181777723220254,2
crRNA624:645-667,GTTCAACTATCGTATAATCTTCA,667,0.0409227656505199,0.2086,0.181601677587107,2
crRNA693:714-736,CGGTACCAGAACCTTTGTATAGT,736,0.0369699522849673,0.2072,0.179406469045208,2
crRNA692:713-735,GGTACCAGAACCTTTGTATAGTT,735,0.0362162255067048,0.2058,0.178987884278136,2
crRNA422:443-465,GGCCTCCCAGCCCATTGTCTTTT,465,0.0361833602347133,0.2044,0.178969632435932,2
crRNA588:609-631,TATCAAGTTTTATATTTACATTG,631,0.0346778994894477,0.203,0.178133569616397,2
crRNA618:639-661,CTATCGTATAATCTTCATTATGT,661,0.0339555935645293,0.2017,0.177732434528648,2
crRNA377:377-399,TTTGACTTTGTAGATAAATTCAC,399,0.0339553406686528,0.2003,0.177732294082051,2
crRNA615:636-658,TCGTATAATCTTCATTATGTGAT,658,0.0319445196643216,0.1989,0.176615577698878,2
crRNA423:444-466,AGGCCTCCCAGCCCATTGTCTTT,466,0.0311305563305652,0.1975,0.176163540352863,2
crRNA068:68-90,ACCTTCCATGTGAACTTTGAATC,90,0.0303396846898723,0.1961,0.175724327058271,2
crRNA410:410-432,CGGGCCGTCAGATGGAAAGTTAG,432,0.0303167518468944,0.1948,0.175711591224792,2
crRNA546:567-589,CAGGTTTCTTAGCTTTGTATGTC,589,0.0295567698232386,0.1934,0.175289532585607,2
crRNA625:646-668,TGTTCAACTATCGTATAATCTTC,668,0.0275720591068254,0.192,0.174187316640924,2
crRNA170:170-192,TAATGGGCCACCCTTAGTAACTT,192,0.0255554003797717,0.1906,0.173067358258294,2
crRNA502:523-545,TGTCCACCATCTTTCAATTTCAA,545,0.0233464469850875,0.1892,0.171840608368474,2
crRNA626:647-669,TTGTTCAACTATCGTATAATCTT,669,0.0228970129327853,0.1878,0.171591013616738,2
crRNA300:300-322,TCATCACACGCTCCCACTTAAAC,322,0.0227750250123821,0.1865,0.171523267204218,2
crRNA243:243-265,TGTCGGCGGGGTGCTTGACATAA,265,0.0207234738541224,0.1851,0.17038393118952,2
crRNA645:666-688,TCCCCTCAGCCCTTTCGTATTGT,688,0.019836355194104,0.1837,0.169891266780641,2
crRNA172:172-194,GGTAATGGGCCACCCTTAGTAAC,194,0.0179049050140109,0.1823,0.168818629258581,2
crRNA610:631-653,TAATCTTCATTATGTGATGTAAT,653,0.0176643601222874,0.1809,0.168685041822952,2
crRNA424:445-467,GAGGCCTCCCAGCCCATTGTCTT,467,0.0161833387981119,0.1796,0.167862551520249,2
crRNA616:637-659,ATCGTATAATCTTCATTATGTGA,659,0.0158869148762822,0.1782,0.167697931472438,2
crRNA493:514-536,TCTTTCAATTTCAATCTTTGTTT,536,0.015569069679795,0.1768,0.167521415045832,2
crRNA602:623-645,ATTATGTGATGTAATATCAAGTT,645,0.0153763928559156,0.1754,0.167414411306851,2
crRNA589:610-632,ATATCAAGTTTTATATTTACATT,632,0.0121862034581345,0.174,0.165642728616918,2
crRNA557:578-600,TGGGAGCTGGACAGGTTTCTTAG,600,0.0111219397800286,0.1727,0.165051686110998,2
crRNA604:625-647,TCATTATGTGATGTAATATCAAG,647,0.0109046782625701,0.1713,0.164931029177608,2
crRNA492:513-535,CTTTCAATTTCAATCTTTGTTTA,535,0.0107934482450349,0.1699,0.164869257203566,2
crRNA630:651-673,CGTATTGTTCAACTATCGTATAA,673,0.0101131139884824,0.1685,0.16449143122667,2
crRNA597:618-640,GTGATGTAATATCAAGTTTTATA,640,0.00932310288852586,0.1671,0.164052695836344,2
crRNA556:577-599,GGGAGCTGGACAGGTTTCTTAGC,599,0.00702773571940222,0.1657,0.162777955758716,2
crRNA629:650-672,GTATTGTTCAACTATCGTATAAT,672,0.00694100379833043,0.1644,0.162729788887077,2
crRNA553:574-596,AGCTGGACAGGTTTCTTAGCTTT,596,0.00692208313492279,0.163,0.162719281231367,2
crRNA587:608-630,ATCAAGTTTTATATTTACATTGT,630,0.00674976065209922,0.1616,0.162623581345925,2
crRNA206:206-228,CATGAATTGAGGGCTAAGGATAT,228,0.00630004781062976,0.1602,0.162373831767663,2
crRNA641:662-684,CTCAGCCCTTTCGTATTGTTCAA,684,0.00587693669758969,0.1588,0.162138855551075,2
crRNA605:626-648,TTCATTATGTGATGTAATATCAA,648,0.00529035514525039,0.1575,0.16181309546196,2
crRNA102:102-124,CACCTTCTATTTCAAATTCATGT,124,0.00494521817000164,0.1561,0.161621422451847,2
crRNA494:515-537,ATCTTTCAATTTCAATCTTTGTT,537,0.00302810564903845,0.1547,0.160556747398257,1
crRNA690:711-733,TACCAGAACCTTTGTATAGTTCA,733,0.0026075127753132,0.1533,0.160323169694562,1
crRNA623:644-666,TTCAACTATCGTATAATCTTCAT,666,0.00193216768345653,0.1519,0.159948114467494,1
crRNA551:572-594,CTGGACAGGTTTCTTAGCTTTGT,594,0.00153862447755796,0.1506,0.159729558890162,1
crRNA392:392-414,GTTAGTTCCTCTTAATTTGACTT,414,0.000935094669735746,0.1492,0.159394386528884,1
crRNA607:628-650,TCTTCATTATGTGATGTAATATC,650,-9.52096131583595e-05,0.1478,0.158822203490273,1
crRNA508:529-551,TCATAATGTCCACCATCTTTCAA,551,-0.00106113664785545,0.1464,0.158285772578585,1
crRNA499:520-542,CCACCATCTTTCAATTTCAATCT,542,-0.0025410238586488,0.145,0.157463912109661,1
crRNA503:524-546,ATGTCCACCATCTTTCAATTTCA,546,-0.00261209906699004,0.1436,0.157424440247461,1
crRNA501:522-544,GTCCACCATCTTTCAATTTCAAT,544,-0.00360360753431779,0.1423,0.156873802598891,1
crRNA621:642-664,CAACTATCGTATAATCTTCATTA,664,-0.00368900904119877,0.1409,0.156826374577364,1
crRNA500:521-543,TCCACCATCTTTCAATTTCAATC,543,-0.00520557580269718,0.1395,0.155984143993392,1
crRNA487:508-530,AATTTCAATCTTTGTTTAATCTC,530,-0.00563331075797058,0.1381,0.155746599910064,1
crRNA606:627-649,CTTCATTATGTGATGTAATATCA,649,-0.00591953374048789,0.1367,0.155587644989099,1
crRNA169:169-191,AATGGGCCACCCTTAGTAACTTT,191,-0.0072490356053303,0.1354,0.15484930154096,1
crRNA507:528-550,CATAATGTCCACCATCTTTCAAT,550,-0.00762670296166852,0.134,0.154639562671462,1
crRNA030:30-52,TGATTGCCATGTTATTTTCTTCT,52,-0.00871855733958373,0.1326,0.1540331975752,1
crRNA585:606-628,CAAGTTTTATATTTACATTGTAA,628,-0.0113526133391353,0.1312,0.152570365486934,1
crRNA019:19-41,TTATTTTCTTCTCCTTTACTAAC,41,-0.0119294557666887,0.1298,0.152250014054375,1
crRNA278:278-300,CCCTTCGGGAAAAGATAACTTTA,300,-0.0121057638134845,0.1285,0.152152100772229,1
crRNA280:280-302,AACCCTTCGGGAAAAGATAACTT,302,-0.0132586607720446,0.1271,0.151511835468176,1
crRNA491:512-534,TTTCAATTTCAATCTTTGTTTAA,534,-0.0143051188737183,0.1257,0.150930681350566,1
crRNA555:576-598,GGAGCTGGACAGGTTTCTTAGCT,598,-0.014966429267438,0.1243,0.150563420341536,1
crRNA394:394-416,AAGTTAGTTCCTCTTAATTTGAC,416,-0.0181170184031765,0.1229,0.148813729793771,1
crRNA110:110-132,TTCTCCTTCACCTTCTATTTCAA,132,-0.0182261989746487,0.1215,0.148753095986672,1
crRNA031:31-53,ATGATTGCCATGTTATTTTCTTC,53,-0.0183551107293025,0.1202,0.14868150439891,1
crRNA103:103-125,TCACCTTCTATTTCAAATTCATG,125,-0.018638531692202,0.1188,0.148524105589208,1
crRNA504:525-547,AATGTCCACCATCTTTCAATTTC,547,-0.0192548815838307,0.1174,0.148181813550153,1
crRNA593:614-636,TGTAATATCAAGTTTTATATTTA,636,-0.0192984172912021,0.116,0.148157635844842,1
crRNA627:648-670,ATTGTTCAACTATCGTATAATCT,670,-0.0194921956050006,0.1146,0.148050020389634,1
crRNA488:509-531,CAATTTCAATCTTTGTTTAATCT,531,-0.0198464962052675,0.1133,0.147853258328748,1
crRNA596:617-639,TGATGTAATATCAAGTTTTATAT,639,-0.0198721819090396,0.1119,0.147838993684529,1
crRNA168:168-190,ATGGGCCACCCTTAGTAACTTTT,190,-0.0227943717082367,0.1105,0.146216145496413,1
crRNA506:527-549,ATAATGTCCACCATCTTTCAATT,549,-0.0235737803318312,0.1091,0.145783298227919,1
crRNA408:408-430,GGCCGTCAGATGGAAAGTTAGTT,430,-0.0247986759601935,0.1077,0.145103048214157,1
crRNA279:279-301,ACCCTTCGGGAAAAGATAACTTT,301,-0.0265205092032835,0.1064,0.144146822181353,1
crRNA163:163-185,CCACCCTTAGTAACTTTTAGCTT,185,-0.0302765303739026,0.105,0.14206090286395,1
crRNA105:105-127,CTTCACCTTCTATTTCAAATTCA,127,-0.0307088805108136,0.1036,0.141820795723575,1
crRNA223:223-245,TAAGCCTTTGACCCATACATGAA,245,-0.0307601280321711,0.1022,0.141792335235758,1
crRNA171:171-193,GTAATGGGCCACCCTTAGTAACT,193,-0.0316609926347773,0.1008,0.141292036970231,1
crRNA409:409-431,GGGCCGTCAGATGGAAAGTTAGT,431,-0.0319960043384665,0.09945,0.141105987064616,1
crRNA220:220-242,GCCTTTGACCCATACATGAATTG,242,-0.032081018753454,0.09807,0.141058774015907,1
crRNA104:104-126,TTCACCTTCTATTTCAAATTCAT,126,-0.0323164736609322,0.09669,0.140928013320593,1
crRNA109:109-131,TCTCCTTCACCTTCTATTTCAAA,131,-0.032345433403002,0.0953,0.140911930427908,1
crRNA069:69-91,AACCTTCCATGTGAACTTTGAAT,91,-0.032353162884037,0.09392,0.140907637833944,1
crRNA594:615-637,ATGTAATATCAAGTTTTATATTT,637,-0.0327250468857019,0.09254,0.140701110770419,1
crRNA108:108-130,CTCCTTCACCTTCTATTTCAAAT,130,-0.032734126343416,0.09116,0.140696068462248,1
crRNA622:643-665,TCAACTATCGTATAATCTTCATT,665,-0.033873636690046,0.08978,0.140063237459322,1
crRNA277:277-299,CCTTCGGGAAAAGATAACTTTAG,299,-0.0342509833423038,0.0884,0.139853676693941,1
crRNA020:20-42,GTTATTTTCTTCTCCTTTACTAA,42,-0.0352143048450281,0.08702,0.139318692773424,1
crRNA281:281-303,AAACCCTTCGGGAAAAGATAACT,303,-0.0352315703946151,0.08564,0.139309104290885,1
crRNA090:90-112,CAAATTCATGTCCATTTACAGAA,112,-0.0359141020357023,0.08425,0.138930057988905,1
crRNA035:35-57,CTTAATGATTGCCATGTTATTTT,57,-0.0362625954900396,0.08287,0.138736520946548,1
crRNA070:70-92,GAACCTTCCATGTGAACTTTGAA,92,-0.0379362126805829,0.08149,0.137807071864898,1
crRNA646:667-689,CTCCCCTCAGCCCTTTCGTATTG,689,-0.0381717191676141,0.08011,0.1376762825247,1
crRNA590:611-633,AATATCAAGTTTTATATTTACAT,633,-0.038773308518124,0.07873,0.137342187803087,1
crRNA033:33-55,TAATGATTGCCATGTTATTTTCT,55,-0.0391400661712308,0.07735,0.137138507674922,1
crRNA489:510-532,TCAATTTCAATCTTTGTTTAATC,532,-0.0391630012883963,0.07597,0.137125770578466,1
crRNA032:32-54,AATGATTGCCATGTTATTTTCTT,54,-0.0417257031123255,0.07459,0.135702565277842,1
crRNA091:91-113,TCAAATTCATGTCCATTTACAGA,113,-0.0421569005774535,0.0732,0.13546309827772,1
crRNA490:511-533,TTCAATTTCAATCTTTGTTTAAT,533,-0.0424662189571853,0.07182,0.13529131724822,1
crRNA391:391-413,TTAGTTCCTCTTAATTTGACTTT,413,-0.043033041654579,0.07044,0.134976530307379,1
crRNA398:398-420,TGGAAAGTTAGTTCCTCTTAATT,420,-0.0435877352902892,0.06906,0.134668479282795,1
crRNA522:543-565,TTTTAACCTCAGCGTCATAATGT,565,-0.0437783283436063,0.06768,0.134562632772986,1
crRNA034:34-56,TTAATGATTGCCATGTTATTTTC,56,-0.0442241208774165,0.0663,0.13431506035111,1
crRNA396:396-418,GAAAGTTAGTTCCTCTTAATTTG,418,-0.0448166053779967,0.06492,0.133986022039321,1
crRNA276:276-298,CTTCGGGAAAAGATAACTTTAGA,298,-0.0464089836314305,0.06354,0.133101689281712,1
crRNA397:397-419,GGAAAGTTAGTTCCTCTTAATTT,419,-0.0470495234981865,0.06215,0.132745963256501,1
crRNA222:222-244,AAGCCTTTGACCCATACATGAAT,244,-0.0478295011923827,0.06077,0.132312799952685,1
crRNA644:665-687,CCCCTCAGCCCTTTCGTATTGTT,687,-0.0490982009322941,0.05939,0.131608223174427,1
crRNA643:664-686,CCCTCAGCCCTTTCGTATTGTTC,686,-0.0523448823045636,0.05801,0.129805167471534,1
crRNA393:393-415,AGTTAGTTCCTCTTAATTTGACT,415,-0.0526393591853568,0.05663,0.129641628719682,1
crRNA111:111-133,CTTCTCCTTCACCTTCTATTTCA,133,-0.0539312302515904,0.05525,0.128924183665396,1
crRNA395:395-417,AAAGTTAGTTCCTCTTAATTTGA,417,-0.0575100091504989,0.05387,0.126936696455169,1
crRNA609:630-652,AATCTTCATTATGTGATGTAATA,652,-0.0598062861920162,0.05249,0.125661451076768,1
crRNA067:67-89,CCTTCCATGTGAACTTTGAATCT,89,-0.0604310870915618,0.0511,0.125314465741305,1
crRNA595:616-638,GATGTAATATCAAGTTTTATATT,638,-0.0606383991347794,0.04972,0.125199334282765,1
crRNA219:219-241,CCTTTGACCCATACATGAATTGA,241,-0.0611059171047668,0.04834,0.124939696564944,1
crRNA695:716-738,TGCGGTACCAGAACCTTTGTATA,738,-0.0614489068726549,0.04696,0.124749216013847,1
crRNA189:189-211,GGATATCCCATGCAAATGGTAAT,211,-0.061736312361518,0.04558,0.124589604383903,1
crRNA283:283-305,TTAAACCCTTCGGGAAAAGATAA,305,-0.0623779629798672,0.0442,0.124233261498962,1
crRNA036:36-58,CCTTAATGATTGCCATGTTATTT,58,-0.0656318780053576,0.04282,0.122426188561793,1
crRNA037:37-59,TCCTTAATGATTGCCATGTTATT,59,-0.0661502379433016,0.04144,0.122138315581634,1
crRNA694:715-737,GCGGTACCAGAACCTTTGTATAG,737,-0.0665726547397025,0.04006,0.121903724956187,1
crRNA592:613-635,GTAATATCAAGTTTTATATTTAC,635,-0.070052165005512,0.03867,0.119971366923882,1
crRNA190:190-212,AGGATATCCCATGCAAATGGTAA,212,-0.0708759682618781,0.03729,0.119513864942893,1
crRNA619:640-662,ACTATCGTATAATCTTCATTATG,662,-0.0710929991307208,0.03591,0.119393336101007,1
crRNA047:47-69,TCTCATGAACTCCTTAATGATTG,69,-0.0719127459268902,0.03453,0.118938086889186,1
crRNA221:221-243,AGCCTTTGACCCATACATGAATT,243,-0.0739659352580079,0.03315,0.117797841109539,1
crRNA284:284-306,CTTAAACCCTTCGGGAAAAGATA,306,-0.0770558914803798,0.03177,0.116081823259428,1
crRNA642:663-685,CCTCAGCCCTTTCGTATTGTTCA,685,-0.0773819265664114,0.03039,0.115900758549403,1
crRNA106:106-128,CCTTCACCTTCTATTTCAAATTC,128,-0.0815488685886901,0.02901,0.113586632919132,1
crRNA620:641-663,AACTATCGTATAATCTTCATTAT,663,-0.0833096452344806,0.02762,0.112608779533263,1
crRNA385:385-407,CCTCTTAATTTGACTTTGTAGAT,407,-0.0845514279346522,0.02624,0.111919151225902,1
crRNA505:526-548,TAATGTCCACCATCTTTCAATTT,548,-0.086943664291684,0.02486,0.110590614510518,1
crRNA275:275-297,TTCGGGAAAAGATAACTTTAGAT,297,-0.0883962977540866,0.02348,0.109783889504803,1
crRNA049:49-71,AATCTCATGAACTCCTTAATGAT,71,-0.0897733204947985,0.0221,0.109019155174278,1
crRNA273:273-295,CGGGAAAAGATAACTTTAGATAG,295,-0.0915073296666012,0.02072,0.108056167197449,1
crRNA282:282-304,TAAACCCTTCGGGAAAAGATAAC,304,-0.0929290228020549,0.01934,0.107266625009067,1
crRNA048:48-70,ATCTCATGAACTCCTTAATGATT,70,-0.0939390035224684,0.01796,0.106705728731007,1
crRNA107:107-129,TCCTTCACCTTCTATTTCAAATT,129,-0.0964996304534095,0.01657,0.105283675729364,1
crRNA379:379-401,AATTTGACTTTGTAGATAAATTC,401,-0.0976775774484103,0.01519,0.104629498801137,1
crRNA274:274-296,TCGGGAAAAGATAACTTTAGATA,296,-0.0985487593351857,0.01381,0.104145684934269,1
crRNA591:612-634,TAATATCAAGTTTTATATTTACA,634,-0.100059741040454,0.01243,0.103306556030546,1
crRNA378:378-400,ATTTGACTTTGTAGATAAATTCA,400,-0.109951338543285,0.01105,0.0978132232259991,1
crRNA112:112-134,CCTTCTCCTTCACCTTCTATTTC,134,-0.115493328770712,0.009669,0.0947354598303407,1
crRNA113:113-135,TCCTTCTCCTTCACCTTCTATTT,135,-0.119614267470953,0.008287,0.0924468823036996,1
crRNA647:668-690,TCTCCCCTCAGCCCTTTCGTATT,690,-0.127248857059327,0.006906,0.0882069866323418,1
crRNA167:167-189,TGGGCCACCCTTAGTAACTTTTA,189,-0.12964818594711,0.005525,0.0868745110555326,1
crRNA382:382-404,CTTAATTTGACTTTGTAGATAAA,404,-0.129760201412513,0.004144,0.0868123028803067,1
crRNA166:166-188,GGGCCACCCTTAGTAACTTTTAG,188,-0.1325342864703,0.002762,0.0852717051713747,1
crRNA381:381-403,TTAATTTGACTTTGTAGATAAAT,403,-0.136347986765868,0.001381,0.0831537535529065,1
crRNA380:380-402,TAATTTGACTTTGTAGATAAATT,402,-0.148544844432539,0,0.0763801865619801,1
