index,MissMatch_eq_0_max_x,MissMatch_eq_0_sum_x,MissMatch_eq_1_max_x,MissMatch_eq_1_sum_x,MissMatch_eq_2_max_x,MissMatch_eq_2_sum_x,BoltzmanFactor_max_x,BoltzmanFactor_sum_x,rank_max_x,rank_sum_x,res_site_conflict_x,sequence,MissMatch_eq_0_max_y,MissMatch_eq_0_sum_y,MissMatch_eq_0_score100,MissMatch_eq_1_max_y,MissMatch_eq_1_sum_y,MissMatch_eq_1_score100,MissMatch_eq_2_max_y,MissMatch_eq_2_sum_y,MissMatch_eq_2_score100,BoltzmanFactor_max_y,BoltzmanFactor_sum_y,BoltzmanFactor_score100,rank_max_y,rank_sum_y,res_site_conflict_y
252,0,0,1,2,1,45,3.4,2338.0,0.5014492753623189,0.6043478260869565,0,CACCCCGCCGAC,0,0,0.4236011819904615,1,2,0.42360409179018066,1,45,0.4236666430548841,3.4,2338.0,0.4271817634456798,0.5014492753623189,0.6043478260869565,0
251,0,0,1,4,1,46,3.438,2330.0,0.5014492753623189,0.644927536231884,0,GCACCCCGCCGA,0,0,0.4236011819904615,1,4,0.4236070015509088,1,46,0.42366809752109047,3.438,2330.0,0.4271817634456798,0.5014492753623189,0.644927536231884,0
250,0,0,1,2,2,55,3.441,2310.0,0.5014492753623189,0.6043478260869565,0,AGCACCCCGCCG,0,0,0.4236011819904615,1,2,0.42360409179018066,2,55,0.4236812558210805,3.441,2310.0,0.4271817634456798,0.5014492753623189,0.6043478260869565,0
421,0,0,1,1,2,62,3.45,2290.0,0.5014492753623189,0.5956521739130435,0,CTGACGGCCCGG,0,0,0.4236011819904615,1,1,0.4236026368951953,2,62,0.4236914361948594,3.45,2290.0,0.4271817634456798,0.5014492753623189,0.5956521739130435,0
590,0,0,1,3,2,132,3.877,2772.0,0.5014492753623189,0.6971014492753623,0,CCAGCTCCCAGG,0,0,0.4236011819904615,1,3,0.4236055466754187,2,132,0.42379328219802437,3.877,2772.0,0.4271817634456798,0.5014492753623189,0.6971014492753623,0
453,0,0,1,6,1,97,3.879,2452.0,0.5014492753623189,0.7594202898550725,0,GGCTGGGAGGCC,0,0,0.4236011819904615,1,6,0.4236099112726466,1,97,0.4237422623825544,3.879,2452.0,0.4271817634456798,0.5014492753623189,0.7594202898550725,0
422,0,0,1,3,1,71,3.924,2532.0,0.5014492753623189,0.6623188405797101,0,TGACGGCCCGGT,0,0,0.4236011819904615,1,3,0.4236055466754187,1,71,0.42370445601042706,3.924,2532.0,0.4271817634456798,0.5014492753623189,0.6623188405797101,0
423,0,0,1,4,1,66,4.02,2580.0,0.5014492753623189,0.6942028985507247,0,GACGGCCCGGTT,0,0,0.4236011819904615,1,4,0.4236070015509088,1,66,0.4236971847995641,4.02,2580.0,0.4271817634456798,0.5014492753623189,0.6942028985507247,0
425,0,0,1,3,1,76,4.08,2682.0,0.5014492753623189,0.691304347826087,0,CGGCCCGGTTAT,0,0,0.4236011819904615,1,3,0.4236055466754187,1,76,0.4237117269778208,4.08,2682.0,0.4271817634456798,0.5014492753623189,0.691304347826087,0
253,0,0,1,2,2,84,4.168,2770.0,0.5014492753623189,0.6927536231884058,0,ACCCCGCCGACA,0,0,0.4236011819904615,1,2,0.42360409179018066,2,84,0.42372349707764845,4.168,2770.0,0.4271817634456798,0.5014492753623189,0.6927536231884058,0
248,0,0,1,2,2,114,4.23,2754.0,0.5014492753623189,0.691304347826087,0,CAAGCACCCCGC,0,0,0.4236011819904615,1,2,0.42360409179018066,2,114,0.42376718392136836,4.23,2754.0,0.4271817634456798,0.5014492753623189,0.691304347826087,0
588,0,0,1,4,2,174,4.29,3048.0,0.5014492753623189,0.8347826086956522,0,GTCCAGCTCCCA,0,0,0.4236011819904615,1,4,0.4236070015509088,2,174,0.4238542572987152,4.29,3048.0,0.4271817634456798,0.5014492753623189,0.8347826086956522,0
426,0,0,1,5,1,112,4.344,2832.0,0.5014492753623189,0.8057971014492755,0,GGCCCGGTTATG,0,0,0.4236011819904615,1,5,0.42360845641665135,1,112,0.4237640707573096,4.344,2832.0,0.4271817634456798,0.5014492753623189,0.8057971014492755,0
424,0,0,1,3,1,68,4.36,2802.0,0.5014492753623189,0.7463768115942029,0,ACGGCCCGGTTA,0,0,0.4236011819904615,1,3,0.4236055466754187,1,68,0.42370009331312675,4.36,2802.0,0.4271817634456798,0.5014492753623189,0.7463768115942029,0
305,0,0,1,7,1,94,4.438,2846.0,0.5014492753623189,0.9014492753623188,0,GTGGGAGCGTGT,0,0,0.4236011819904615,1,7,0.4236113661188947,1,94,0.4237379004447619,4.438,2846.0,0.4271817634456798,0.5014492753623189,0.9014492753623188,0
589,0,0,1,4,2,192,4.473,3072.0,0.5014492753623189,1.1405797101449275,0,TCCAGCTCCCAG,0,0,0.4236011819904615,1,4,0.4236070015509088,2,192,0.4238804135926817,4.473,3072.0,0.42887822626561434,0.5014492753623189,1.1405797101449275,0
419,0,0,1,5,1,101,4.5,2858.0,0.5014492753623189,0.8521739130434782,0,ATCTGACGGCCC,0,0,0.4236011819904615,1,5,0.42360845641665135,1,101,0.4237480781633165,4.5,2858.0,0.4271817634456798,0.5014492753623189,0.8521739130434782,0
208,0,0,1,3,1,104,4.645,2934.0,0.5014492753623189,0.8217391304347826,0,TCCTTAGCCCTC,0,0,0.4236011819904615,1,3,0.4236055466754187,1,104,0.4237524398966712,4.645,2934.0,0.4271817634456798,0.5014492753623189,0.8217391304347826,0
150,0,0,0,0,2,107,4.793,3122.0,0.5014492753623189,1.1492753623188405,0,ACCCAAACCGCG,0,0,0.4236011819904615,0,0,0.4236011819904615,2,107,0.4237568700610601,4.793,3122.0,0.42887822626561434,0.5014492753623189,1.1492753623188405,0
361,0,0,1,4,2,139,4.793,3048.0,0.5014492753623189,0.9086956521739131,0,CGTCCCTGCAAG,0,0,0.4236011819904615,1,4,0.4236070015509088,2,139,0.42380352582514513,4.793,3048.0,0.4271817634456798,0.5014492753623189,0.9086956521739131,0
307,0,0,1,3,2,88,4.87,2992.0,0.5014492753623189,0.8869565217391304,0,GGGAGCGTGTGA,0,0,0.4236011819904615,1,3,0.4236055466754187,2,88,0.42372924483366936,4.87,2992.0,0.4271817634456798,0.5014492753623189,0.8869565217391304,0
675,0,0,1,4,2,68,4.93,2848.0,0.5014492753623189,0.8710144927536232,0,AGGGCTGAGGGG,0,0,0.4236011819904615,1,4,0.4236070015509088,2,68,0.42370016184966763,4.93,2848.0,0.4271817634456798,0.5014492753623189,0.8710144927536232,0
697,0,0,2,21,2,305,4.95,3196.0,0.5942028985507246,1.7942028985507248,0,CTGGTGGCATGG,0,0,0.4236011819904615,2,21,0.4236318015010967,2,305,0.42404502405422817,4.95,3196.0,0.42887822626561434,0.5942028985507246,1.7942028985507248,0
3,0,0,1,9,2,150,4.96,3122.0,0.5014492753623189,1.4202898550724639,0,GCAACTAGCGGC,0,0,0.4236011819904615,1,9,0.4236142757821495,2,150,0.4238194458372859,4.96,3122.0,0.42887822626561434,0.5014492753623189,1.4202898550724639,0
2,0,0,1,2,3,136,5.035,3132.0,0.5014492753623189,1.2130434782608694,0,GGCAACTAGCGG,0,0,0.4236011819904615,1,2,0.42360409179018066,3,136,0.4237993738621415,5.035,3132.0,0.42887822626561434,0.5014492753623189,1.2130434782608694,0
8,0,0,1,7,1,129,5.277,3248.0,0.5014492753623189,1.4188405797101449,0,TAGCGGCATGGT,0,0,0.4236011819904615,1,7,0.4236113661188947,1,129,0.4237887842678949,5.277,3248.0,0.42887822626561434,0.5014492753623189,1.4188405797101449,0
679,0,0,1,7,1,121,5.33,3142.0,0.5014492753623189,1.4072463768115941,0,CTGAGGGGAGAC,0,0,0.4236011819904615,1,7,0.4236113661188947,1,121,0.4237771547309237,5.33,3142.0,0.42887822626561434,0.5014492753623189,1.4072463768115941,0
308,0,0,1,3,2,125,5.51,3324.0,0.5014492753623189,1.363768115942029,0,GGAGCGTGTGAT,0,0,0.4236011819904615,1,3,0.4236055466754187,2,125,0.42378317510836294,5.51,3324.0,0.42887822626561434,0.5014492753623189,1.363768115942029,0
207,0,0,1,6,1,125,5.6,3344.0,0.5014492753623189,1.4898550724637682,0,ATCCTTAGCCCT,0,0,0.4236011819904615,1,6,0.4236099112726466,1,125,0.42378296957726325,5.6,3344.0,0.42887822626561434,0.5014492753623189,1.4898550724637682,0
678,0,0,1,7,1,157,5.758,3312.0,0.5014492753623189,1.5115942028985507,0,GCTGAGGGGAGA,0,0,0.4236011819904615,1,7,0.4236113661188947,1,157,0.42382948274319676,5.758,3312.0,0.42887822626561434,0.5014492753623189,1.5115942028985507,0
474,0,0,1,4,2,158,5.79,3580.0,0.5014492753623189,1.4855072463768118,0,CGAATGTACCCT,0,0,0.4236011819904615,1,4,0.4236070015509088,2,158,0.4238312101000006,5.79,3580.0,0.42887822626561434,0.5014492753623189,1.4855072463768118,0
674,0,0,1,4,2,155,5.844,3360.0,0.5014492753623189,1.4420289855072463,0,AAGGGCTGAGGG,0,0,0.4236011819904615,1,4,0.4236070015509088,2,155,0.4238270554381651,5.844,3360.0,0.42887822626561434,0.5014492753623189,1.4420289855072463,0
690,0,0,1,21,2,282,6.742,4082.0,0.5768115942028985,2.356521739130435,0,CATAGTACTGGT,0,0,0.4236011819904615,1,21,0.4236317329429764,2,282,0.4240117637689931,6.742,4082.0,0.42887822626561434,0.5768115942028985,2.356521739130435,0
686,0,0,1,6,2,244,7.516,4320.0,0.7289855072463768,2.579710144927536,0,GAGACATAGTAC,0,0,0.4236011819904615,1,6,0.4236099112726466,2,244,0.42395643771686764,7.516,4320.0,0.43057468908554886,0.7289855072463768,2.579710144927536,0
687,0,0,1,11,2,326,8.195,4736.0,0.7289855072463768,2.9768115942028985,0,AGACATAGTACT,0,0,0.4236011819904615,1,11,0.42361718540641635,2,326,0.42407612839231557,8.195,4736.0,0.43057468908554886,0.7289855072463768,2.9768115942028985,0
